date_utc,daily_pnl_gbp,drawdown_gbp,rolling_365d_pnl_gbp,K1_daily_loss,K2_drawdown,K3_rolling_pnl_negative,K4_guard_miss
2016-01-01,464.3749999999994,0.0,,False,False,False,False
2016-01-02,1482.5,0.0,,False,False,False,False
2016-01-03,-329.7499999999999,-329.7499999999998,,False,False,False,False
2016-01-04,228.49999999999997,-101.24999999999977,,False,False,False,False
2016-01-05,511.74999999999994,0.0,,False,False,False,False
2016-01-06,604.875,0.0,,False,False,False,False
2016-01-07,859.7500000000001,0.0,,False,False,False,False
2016-01-08,-126.37500000000004,-126.375,,False,False,False,False
2016-01-09,733.875,0.0,,False,False,False,False
2016-01-10,218.12500000000045,0.0,,False,False,False,False
2016-01-11,-419.875,-419.875,,False,False,False,False
2016-01-12,1286.125,0.0,,False,False,False,False
2016-01-13,268.625,0.0,,False,False,False,False
2016-01-14,116.62500000000009,0.0,,False,False,False,False
2016-01-15,-61.25000000000006,-61.25,,False,False,False,False
2016-01-16,128.6250000000001,0.0,,False,False,False,False
2016-01-17,0.0,0.0,,False,False,False,False
2016-01-18,286.25,0.0,,False,False,False,False
2016-01-19,0.0,0.0,,False,False,False,False
2016-01-20,0.0,0.0,,False,False,False,False
2016-01-21,255.74999999999991,0.0,,False,False,False,False
2016-01-22,-75.99999999999986,-76.0,,False,False,False,False
2016-01-23,-941.5000000000001,-1017.5,,False,False,False,False
2016-01-24,-612.875,-1630.375,,False,False,False,False
2016-01-25,202.87500000000009,-1427.5,,False,False,False,False
2016-01-26,247.7500000000001,-1179.75,,False,False,False,False
2016-01-27,-318.62500000000017,-1498.375,,False,False,False,False
2016-01-28,-26.624999999999943,-1525.0,,False,False,False,False
2016-01-29,-481.0000000000001,-2006.0,,False,False,False,False
2016-01-30,-588.6250000000001,-2594.625,,False,False,False,False
2016-01-31,-406.5000000000003,-3001.1250000000005,,False,False,False,False
2016-02-01,-841.5000000000001,-3842.6250000000005,,False,False,False,False
2016-02-02,-485.8749999999998,-4328.5,,False,False,False,False
2016-02-03,306.24999999999994,-4022.25,,False,False,False,False
2016-02-04,494.8749999999999,-3527.375,,False,False,False,False
2016-02-05,985.375,-2542.0,,False,False,False,False
2016-02-06,-1639.7499999999998,-4181.75,,False,False,False,False
2016-02-07,599.75,-3582.0,,False,False,False,False
2016-02-08,-21.124999999999957,-3603.125,,False,False,False,False
2016-02-09,-146.87500000000009,-3750.0,,False,False,False,False
2016-02-10,-867.1249999999999,-4617.125,,False,False,False,False
2016-02-11,86.375,-4530.75,,False,False,False,False
2016-02-12,-68.75,-4599.5,,False,False,False,False
2016-02-13,-3724.25,-8323.75,,False,False,False,False
2016-02-14,1287.75,-7036.0,,False,False,False,False
2016-02-15,-960.5,-7996.5,,False,False,False,False
2016-02-16,-615.875,-8612.375,,False,False,False,False
2016-02-17,287.50000000000006,-8324.875,,False,False,False,False
2016-02-18,-183.74999999999994,-8508.625,,False,False,False,False
2016-02-19,130.2500000000001,-8378.375,,False,False,False,False
2016-02-20,-477.25,-8855.625,,False,False,False,False
2016-02-21,212.25000000000026,-8643.375,,False,False,False,False
2016-02-22,367.87500000000006,-8275.5,,False,False,False,False
2016-02-23,236.49999999999997,-8039.0,,False,False,False,False
2016-02-24,-1141.375,-9180.375,,False,False,False,False
2016-02-25,200.25000000000003,-8980.125,,False,False,False,False
2016-02-26,250.12500000000006,-8730.0,,False,False,False,False
2016-02-27,96.75000000000003,-8633.25,,False,False,False,False
2016-02-28,441.87499999999994,-8191.375,,False,False,False,False
2016-02-29,324.87500000000006,-7866.5,,False,False,False,False
2016-03-01,88.625,-7777.875,,False,False,False,False
2016-03-02,-439.375,-8217.25,,False,False,False,False
2016-03-03,-268.62500000000006,-8485.875,,False,False,False,False
2016-03-04,44.1250000000001,-8441.75,,False,False,False,False
2016-03-05,909.6249999999999,-7532.125,,False,False,False,False
2016-03-06,-792.875,-8325.0,,False,False,False,False
2016-03-07,-142.99999999999994,-8468.0,,False,False,False,False
2016-03-08,0.0,-8468.0,,False,False,False,False
2016-03-09,353.625,-8114.375,,False,False,False,False
2016-03-10,124.87499999999997,-7989.5,,False,False,False,False
2016-03-11,-789.25,-8778.75,,False,False,False,False
2016-03-12,897.8749999999998,-7880.875,,False,False,False,False
2016-03-13,884.1249999999999,-6996.75,,False,False,False,False
2016-03-14,0.0,-6996.75,,False,False,False,False
2016-03-15,-19.125000000000057,-7015.875,,False,False,False,False
2016-03-16,0.0,-7015.875,,False,False,False,False
2016-03-17,0.0,-7015.875,,False,False,False,False
2016-03-18,179.25,-6836.625,,False,False,False,False
2016-03-19,425.25,-6411.375,,False,False,False,False
2016-03-20,1454.6250000000002,-4956.75,,False,False,False,False
2016-03-21,492.875,-4463.875,,False,False,False,False
2016-03-22,-36.00000000000003,-4499.875,,False,False,False,False
2016-03-23,0.0,-4499.875,,False,False,False,False
2016-03-24,185.87499999999997,-4314.0,,False,False,False,False
2016-03-25,6211.0,0.0,,False,False,False,False
2016-03-26,2174.6250000000005,0.0,,False,False,False,False
2016-03-27,5474.25,0.0,,False,False,False,False
2016-03-28,1323.6249999999998,0.0,,False,False,False,False
2016-03-29,-1517.2500000000002,-1517.25,,False,False,False,False
2016-03-30,480.50000000000006,-1036.75,,False,False,False,False
2016-03-31,300.7500000000001,-736.0,,False,False,False,False
2016-04-01,4167.5,0.0,,False,False,False,False
2016-04-02,-1242.2500000000002,-1242.25,,False,False,False,False
2016-04-03,-1171.8750000000002,-2414.125,,False,False,False,False
2016-04-04,0.0,-2414.125,,False,False,False,False
2016-04-05,2200.5000000000005,-213.625,,False,False,False,False
2016-04-06,2703.625,0.0,,False,False,False,False
2016-04-07,591.75,0.0,,False,False,False,False
2016-04-08,114.37499999999999,0.0,,False,False,False,False
2016-04-09,-774.7500000000002,-774.75,,False,False,False,False
2016-04-10,1745.375,0.0,,False,False,False,False
2016-04-11,-9029.125,-9029.125,,False,False,False,False
2016-04-12,-283.75,-9312.875,,False,False,False,False
2016-04-13,29.62500000000003,-9283.25,,False,False,False,False
2016-04-14,287.25000000000006,-8996.0,,False,False,False,False
2016-04-15,-6894.125,-15890.125,,False,False,False,False
2016-04-16,1649.625,-14240.5,,False,False,False,False
2016-04-17,1662.8750000000002,-12577.625,,False,False,False,False
2016-04-18,157.87500000000017,-12419.75,,False,False,False,False
2016-04-19,-1349.875,-13769.625,,False,False,False,False
2016-04-20,2549.375,-11220.25,,False,False,False,False
2016-04-21,-123.625,-11343.875,,False,False,False,False
2016-04-22,697.375,-10646.5,,False,False,False,False
2016-04-23,3383.2499999999995,-7263.25,,False,False,False,False
2016-04-24,3.249999999999602,-7260.0,,False,False,False,False
2016-04-25,-2209.25,-9469.25,,False,False,False,False
2016-04-26,-695.2500000000001,-10164.5,,False,False,False,False
2016-04-27,1423.875,-8740.625,,False,False,False,False
2016-04-28,-269.7500000000001,-9010.375,,False,False,False,False
2016-04-29,-2850.3749999999995,-11860.75,,False,False,False,False
2016-04-30,-1236.5000000000005,-13097.25,,False,False,False,False
2016-05-01,2428.75,-10668.5,,False,False,False,False
2016-05-02,574.7499999999998,-10093.75,,False,False,False,False
2016-05-03,1916.5,-8177.25,,False,False,False,False
2016-05-04,4040.875,-4136.375,,False,False,False,False
2016-05-05,3811.875,-324.5,,False,False,False,False
2016-05-06,3578.8750000000005,0.0,,False,False,False,False
2016-05-07,-1173.2499999999995,-1173.25,,False,False,False,False
2016-05-08,-165.5,-1338.75,,False,False,False,False
2016-05-09,-7711.0,-9049.75,,False,False,False,False
2016-05-10,-11407.25,-20457.0,,False,False,False,False
2016-05-11,-5829.0,-26286.0,,False,False,False,False
2016-05-12,5013.375,-21272.625,,False,False,False,False
2016-05-13,5874.5,-15398.125,,False,False,False,False
2016-05-14,4379.75,-11018.375,,False,False,False,False
2016-05-15,4316.875,-6701.5,,False,False,False,False
2016-05-16,13289.625,0.0,,False,False,False,False
2016-05-17,6434.5,0.0,,False,False,False,False
2016-05-18,5401.125,0.0,,False,False,False,False
2016-05-19,1990.125,0.0,,False,False,False,False
2016-05-20,1875.8749999999998,0.0,,False,False,False,False
2016-05-21,1375.8750000000002,0.0,,False,False,False,False
2016-05-22,1587.8750000000002,0.0,,False,False,False,False
2016-05-23,4583.75,0.0,,False,False,False,False
2016-05-24,3496.375,0.0,,False,False,False,False
2016-05-25,557.7500000000002,0.0,,False,False,False,False
2016-05-26,-1928.8749999999993,-1928.875,,False,False,False,False
2016-05-27,2477.625,0.0,,False,False,False,False
2016-05-28,3621.625,0.0,,False,False,False,False
2016-05-29,2918.2500000000005,0.0,,False,False,False,False
2016-05-30,1506.125,0.0,,False,False,False,False
2016-05-31,-2849.125,-2849.125,,False,False,False,False
2016-06-01,-1496.2499999999998,-4345.375,,False,False,False,False
2016-06-02,3546.0,-799.375,,False,False,False,False
2016-06-03,614.0,-185.375,,False,False,False,False
2016-06-04,-2422.375,-2607.75,,False,False,False,False
2016-06-05,-3667.5,-6275.25,,False,False,False,False
2016-06-06,1846.5000000000002,-4428.75,,False,False,False,False
2016-06-07,-4952.500000000001,-9381.25,,False,False,False,False
2016-06-08,2835.25,-6546.0,,False,False,False,False
2016-06-09,-444.875,-6990.875,,False,False,False,False
2016-06-10,-2113.875,-9104.75,,False,False,False,False
2016-06-11,-5259.125,-14363.875,,False,False,False,False
2016-06-12,-4424.75,-18788.625,,False,False,False,False
2016-06-13,-2131.0,-20919.625,,False,False,False,False
2016-06-14,2468.75,-18450.875,,False,False,False,False
2016-06-15,4661.25,-13789.625,,False,False,False,False
2016-06-16,-3023.625,-16813.25,,False,False,False,False
2016-06-17,2351.625,-14461.625,,False,False,False,False
2016-06-18,-267.00000000000006,-14728.625,,False,False,False,False
2016-06-19,1917.8749999999998,-12810.75,,False,False,False,False
2016-06-20,549.6249999999997,-12261.125,,False,False,False,False
2016-06-21,4693.25,-7567.875,,False,False,False,False
2016-06-22,1360.25,-6207.625,,False,False,False,False
2016-06-23,-1309.9999999999995,-7517.625,,False,False,False,False
2016-06-24,5103.5,-2414.125,,False,False,False,False
2016-06-25,3143.125,0.0,,False,False,False,False
2016-06-26,-3058.625,-3058.625,,False,False,False,False
2016-06-27,1383.5,-1675.125,,False,False,False,False
2016-06-28,4436.375,0.0,,False,False,False,False
2016-06-29,1740.75,0.0,,False,False,False,False
2016-06-30,3034.625,0.0,,False,False,False,False
2016-07-01,1007.8750000000001,0.0,,False,False,False,False
2016-07-02,1411.1250000000002,0.0,,False,False,False,False
2016-07-03,-8815.75,-8815.75,,False,False,False,False
2016-07-04,1243.1249999999995,-7572.625,,False,False,False,False
2016-07-05,3955.25,-3617.375,,False,False,False,False
2016-07-06,4975.125,0.0,,False,False,False,False
2016-07-07,-537.2499999999998,-537.25,,False,False,False,False
2016-07-08,4554.75,0.0,,False,False,False,False
2016-07-09,-832.6250000000003,-832.625,,False,False,False,False
2016-07-10,-1316.0,-2148.625,,False,False,False,False
2016-07-11,3872.25,0.0,,False,False,False,False
2016-07-12,4786.125,0.0,,False,False,False,False
2016-07-13,3975.375,0.0,,False,False,False,False
2016-07-14,2526.125,0.0,,False,False,False,False
2016-07-15,2191.375,0.0,,False,False,False,False
2016-07-16,10441.375,0.0,,False,False,False,False
2016-07-17,264.6249999999998,0.0,,False,False,False,False
2016-07-18,-5352.375,-5352.375,,False,False,False,False
2016-07-19,-11509.75,-16862.125,,False,False,False,False
2016-07-20,-6736.75,-23598.875,,False,False,False,False
2016-07-21,3563.3749999999995,-20035.5,,False,False,False,False
2016-07-22,4603.375,-15432.125,,False,False,False,False
2016-07-23,-98.74999999999994,-15530.875,,False,False,False,False
2016-07-24,1314.3750000000002,-14216.5,,False,False,False,False
2016-07-25,5245.875,-8970.625,,False,False,False,False
2016-07-26,5258.25,-3712.375,,False,False,False,False
2016-07-27,2918.625,-793.75,,False,False,False,False
2016-07-28,5241.875,0.0,,False,False,False,False
2016-07-29,1264.375,0.0,,False,False,False,False
2016-07-30,4845.25,0.0,,False,False,False,False
2016-07-31,3452.5,0.0,,False,False,False,False
2016-08-01,5368.5,0.0,,False,False,False,False
2016-08-02,5369.0,0.0,,False,False,False,False
2016-08-03,4344.875,0.0,,False,False,False,False
2016-08-04,4069.625,0.0,,False,False,False,False
2016-08-05,5446.5,0.0,,False,False,False,False
2016-08-06,4749.125,0.0,,False,False,False,False
2016-08-07,2659.125,0.0,,False,False,False,False
2016-08-08,3838.125,0.0,,False,False,False,False
2016-08-09,3775.25,0.0,,False,False,False,False
2016-08-10,2770.8750000000005,0.0,,False,False,False,False
2016-08-11,245.49999999999983,0.0,,False,False,False,False
2016-08-12,-2126.0,-2126.0,,False,False,False,False
2016-08-13,-2816.75,-4942.75,,False,False,False,False
2016-08-14,-394.25000000000017,-5337.0,,False,False,False,False
2016-08-15,145.9999999999996,-5191.0,,False,False,False,False
2016-08-16,277.1250000000002,-4913.875,,False,False,False,False
2016-08-17,-2322.625,-7236.5,,False,False,False,False
2016-08-18,5241.375,-1995.125,,False,False,False,False
2016-08-19,-3807.25,-5802.375,,False,False,False,False
2016-08-20,3819.75,-1982.625,,False,False,False,False
2016-08-21,508.0000000000002,-1474.625,,False,False,False,False
2016-08-22,77.24999999999997,-1397.375,,False,False,False,False
2016-08-23,-1940.2500000000002,-3337.625,,False,False,False,False
2016-08-24,-5390.125,-8727.75,,False,False,False,False
2016-08-25,-4965.125,-13692.875,,False,False,False,False
2016-08-26,4381.5,-9311.375,,False,False,False,False
2016-08-27,4039.25,-5272.125,,False,False,False,False
2016-08-28,3582.375,-1689.75,,False,False,False,False
2016-08-29,7050.25,0.0,,False,False,False,False
2016-08-30,5420.5,0.0,,False,False,False,False
2016-08-31,-989.0000000000005,-989.0,,False,False,False,False
2016-09-01,7527.875,0.0,,False,False,False,False
2016-09-02,1068.9999999999995,0.0,,False,False,False,False
2016-09-03,-7983.0,-7983.0,,False,False,False,False
2016-09-04,-3389.1250000000005,-11372.125,,False,False,False,False
2016-09-05,-6029.0,-17401.125,,False,False,False,False
2016-09-06,-1626.7499999999995,-19027.875,,False,False,False,False
2016-09-07,-8884.0,-27911.875,,False,False,False,False
2016-09-08,3499.125,-24412.75,,False,False,False,False
2016-09-09,1775.125,-22637.625,,False,False,False,False
2016-09-10,-1444.3750000000005,-24082.0,,False,False,False,False
2016-09-11,5018.75,-19063.25,,False,False,False,False
2016-09-12,299.75,-18763.5,,False,False,False,False
2016-09-13,-23853.375,-42616.875,,False,False,False,False
2016-09-14,6581.25,-36035.625,,False,False,False,False
2016-09-15,9494.125,-26541.5,,False,False,False,False
2016-09-16,3314.1250000000005,-23227.375,,False,False,False,False
2016-09-17,5475.75,-17751.625,,False,False,False,False
2016-09-18,3874.7500000000005,-13876.875,,False,False,False,False
2016-09-19,2564.2499999999995,-11312.625,,False,False,False,False
2016-09-20,1121.375,-10191.25,,False,False,False,False
2016-09-21,2652.75,-7538.5,,False,False,False,False
2016-09-22,4067.375,-3471.125,,False,False,False,False
2016-09-23,7203.5,0.0,,False,False,False,False
2016-09-24,1253.8749999999995,0.0,,False,False,False,False
2016-09-25,2686.3749999999995,0.0,,False,False,False,False
2016-09-26,1827.125,0.0,,False,False,False,False
2016-09-27,1445.7499999999998,0.0,,False,False,False,False
2016-09-28,-434.74999999999994,-434.75,,False,False,False,False
2016-09-29,763.1249999999997,0.0,,False,False,False,False
2016-09-30,2842.0,0.0,,False,False,False,False
2016-10-01,6174.0,0.0,,False,False,False,False
2016-10-02,-178.37500000000006,-178.375,,False,False,False,False
2016-10-03,5910.75,0.0,,False,False,False,False
2016-10-04,6213.125,0.0,,False,False,False,False
2016-10-05,1130.1250000000002,0.0,,False,False,False,False
2016-10-06,3530.25,0.0,,False,False,False,False
2016-10-07,-14198.5,-14198.5,,False,False,False,False
2016-10-08,-1574.1249999999998,-15772.625,,False,False,False,False
2016-10-09,-1760.125,-17532.75,,False,False,False,False
2016-10-10,1059.875,-16472.875,,False,False,False,False
2016-10-11,-62.62500000000007,-16535.5,,False,False,False,False
2016-10-12,-1268.375,-17803.875,,False,False,False,False
2016-10-13,629.4999999999997,-17174.375,,False,False,False,False
2016-10-14,3168.6249999999995,-14005.75,,False,False,False,False
2016-10-15,608.25,-13397.5,,False,False,False,False
2016-10-16,3216.125,-10181.375,,False,False,False,False
2016-10-17,2253.875,-7927.5,,False,False,False,False
2016-10-18,263.6250000000001,-7663.875,,False,False,False,False
2016-10-19,1150.8750000000005,-6513.0,,False,False,False,False
2016-10-20,1534.0,-4979.0,,False,False,False,False
2016-10-21,-183.5,-5162.5,,False,False,False,False
2016-10-22,-3954.4999999999995,-9117.0,,False,False,False,False
2016-10-23,2052.375,-7064.625,,False,False,False,False
2016-10-24,1227.7500000000002,-5836.875,,False,False,False,False
2016-10-25,532.3750000000002,-5304.5,,False,False,False,False
2016-10-26,1466.75,-3837.75,,False,False,False,False
2016-10-27,3339.875,-497.875,,False,False,False,False
2016-10-28,2581.875,0.0,,False,False,False,False
2016-10-29,-1132.1250000000005,-1132.125,,False,False,False,False
2016-10-30,-425.375,-1557.5,,False,False,False,False
2016-10-31,-199.12500000000009,-1756.625,,False,False,False,False
2016-11-01,-283.875,-2040.5,,False,False,False,False
2016-11-02,1249.0,-791.5,,False,False,False,False
2016-11-03,-497.12500000000017,-1288.625,,False,False,False,False
2016-11-04,0.0,-1288.625,,False,False,False,False
2016-11-05,2796.0,0.0,,False,False,False,False
2016-11-06,219.37500000000006,0.0,,False,False,False,False
2016-11-07,0.0,0.0,,False,False,False,False
2016-11-08,-568.25,-568.25,,False,False,False,False
2016-11-09,299.5000000000001,-268.75,,False,False,False,False
2016-11-10,-510.5,-779.25,,False,False,False,False
2016-11-11,118.12499999999996,-661.125,,False,False,False,False
2016-11-12,-4822.875,-5484.0,,False,False,False,False
2016-11-13,355.87499999999983,-5128.125,,False,False,False,False
2016-11-14,599.7500000000001,-4528.375,,False,False,False,False
2016-11-15,945.25,-3583.125,,False,False,False,False
2016-11-16,3337.7500000000005,-245.375,,False,False,False,False
2016-11-17,-8751.5,-8996.875,,False,False,False,False
2016-11-18,670.0,-8326.875,,False,False,False,False
2016-11-19,994.1249999999999,-7332.75,,False,False,False,False
2016-11-20,-4046.625,-11379.375,,False,False,False,False
2016-11-21,0.0,-11379.375,,False,False,False,False
2016-11-22,-365.24999999999994,-11744.625,,False,False,False,False
2016-11-23,-301.50000000000006,-12046.125,,False,False,False,False
2016-11-24,-942.0,-12988.125,,False,False,False,False
2016-11-25,0.0,-12988.125,,False,False,False,False
2016-11-26,-13.875,-13002.0,,False,False,False,False
2016-11-27,685.625,-12316.375,,False,False,False,False
2016-11-28,109.75000000000011,-12206.625,,False,False,False,False
2016-11-29,0.0,-12206.625,,False,False,False,False
2016-11-30,0.0,-12206.625,,False,False,False,False
2016-12-01,0.0,-12206.625,,False,False,False,False
2016-12-02,0.0,-12206.625,,False,False,False,False
2016-12-03,-394.5,-12601.125,,False,False,False,False
2016-12-04,536.125,-12065.0,,False,False,False,False
2016-12-05,220.75000000000006,-11844.25,,False,False,False,False
2016-12-06,0.0,-11844.25,,False,False,False,False
2016-12-07,269.87500000000006,-11574.375,,False,False,False,False
2016-12-08,0.0,-11574.375,,False,False,False,False
2016-12-09,1818.75,-9755.625,,False,False,False,False
2016-12-10,-3475.125,-13230.75,,False,False,False,False
2016-12-11,1398.125,-11832.625,,False,False,False,False
2016-12-12,91.75000000000007,-11740.875,,False,False,False,False
2016-12-13,0.0,-11740.875,,False,False,False,False
2016-12-14,-740.75,-12481.625,,False,False,False,False
2016-12-15,0.0,-12481.625,,False,False,False,False
2016-12-16,464.4999999999999,-12017.125,,False,False,False,False
2016-12-17,356.625,-11660.5,,False,False,False,False
2016-12-18,0.0,-11660.5,,False,False,False,False
2016-12-19,278.74999999999994,-11381.75,,False,False,False,False
2016-12-20,0.0,-11381.75,,False,False,False,False
2016-12-21,-142.24999999999983,-11524.0,,False,False,False,False
2016-12-22,2347.625,-9176.375,,False,False,False,False
2016-12-23,-1937.375,-11113.75,,False,False,False,False
2016-12-24,-144.74999999999997,-11258.5,,False,False,False,False
2016-12-25,778.5000000000001,-10480.0,,False,False,False,False
2016-12-26,-2924.7500000000005,-13404.75,,False,False,False,False
2016-12-27,106.87500000000003,-13297.875,,False,False,False,False
2016-12-28,443.8750000000001,-12854.0,,False,False,False,False
2016-12-29,137.25000000000006,-12716.75,,False,False,False,False
2016-12-30,1447.75,-11269.0,217158.375,False,False,False,False
2016-12-31,720.5000000000001,-10548.5,217414.5,False,False,False,False
2017-01-01,4591.375,-5957.125,220523.375,False,False,False,False
2017-01-02,1226.8750000000002,-4730.25,222080.0,False,False,False,False
2017-01-03,-50.500000000000085,-4780.75,221801.0,False,False,False,False
2017-01-04,101.49999999999987,-4679.25,221390.75,False,False,False,False
2017-01-05,-413.99999999999994,-5093.25,220371.875,False,False,False,False
2017-01-06,0.0,-5093.25,219512.125,False,False,False,False
2017-01-07,131.50000000000006,-4961.75,219770.0,False,False,False,False
2017-01-08,485.87500000000006,-4475.875,219522.0,False,False,False,False
2017-01-09,246.87499999999994,-4229.0,219550.75,False,False,False,False
2017-01-10,-433.3749999999998,-4662.375,219537.25,False,False,False,False
2017-01-11,1058.25,-3604.125,219309.375,False,False,False,False
2017-01-12,0.0,-3604.125,219040.75,False,False,False,False
2017-01-13,-234.37499999999991,-3838.5,218689.75,False,False,False,False
2017-01-14,-203.87500000000006,-4042.375,218547.125,False,False,False,False
2017-01-15,162.37500000000003,-3880.0,218580.875,False,False,False,False
2017-01-16,488.25,-3391.75,219069.125,False,False,False,False
2017-01-17,0.0,-3391.75,218782.875,False,False,False,False
2017-01-18,0.0,-3391.75,218782.875,False,False,False,False
2017-01-19,0.0,-3391.75,218782.875,False,False,False,False
2017-01-20,0.0,-3391.75,218527.125,False,False,False,False
2017-01-21,0.0,-3391.75,218603.125,False,False,False,False
2017-01-22,0.0,-3391.75,219544.625,False,False,False,False
2017-01-23,0.0,-3391.75,220157.5,False,False,False,False
2017-01-24,-5.250000000000028,-3397.0,219949.375,False,False,False,False
2017-01-25,-303.375,-3700.375,219398.25,False,False,False,False
2017-01-26,269.2500000000001,-3431.125,219986.125,False,False,False,False
2017-01-27,-734.0,-4165.125,219278.75,False,False,False,False
2017-01-28,470.1249999999999,-3695.0,220229.875,False,False,False,False
2017-01-29,-19.00000000000003,-3714.0,220799.5,False,False,False,False
2017-01-30,-110.25,-3824.25,221095.75,False,False,False,False
2017-01-31,308.5,-3515.75,222245.75,False,False,False,False
2017-02-01,514.7500000000001,-3001.0,223246.375,False,False,False,False
2017-02-02,817.0000000000001,-2184.0,223757.125,False,False,False,False
2017-02-03,983.4999999999999,-1200.5,224245.75,False,False,False,False
2017-02-04,-126.0,-1326.5,223134.375,False,False,False,False
2017-02-05,396.5000000000001,-930.0,225170.625,False,False,False,False
2017-02-06,241.125,-688.875,224812.0,False,False,False,False
2017-02-07,51.12500000000004,-637.75,224884.25,False,False,False,False
2017-02-08,0.0,-637.75,225031.125,False,False,False,False
2017-02-09,0.0,-637.75,225898.25,False,False,False,False
2017-02-10,262.37500000000006,-375.375,226074.25,False,False,False,False
2017-02-11,-507.12500000000006,-882.5,225635.875,False,False,False,False
2017-02-12,-3883.1249999999995,-4765.625,225477.0,False,False,False,False
2017-02-13,1127.6249999999998,-3638.0,225316.875,False,False,False,False
2017-02-14,-647.5000000000002,-4285.5,225629.875,False,False,False,False
2017-02-15,168.25,-4117.25,226414.0,False,False,False,False
2017-02-16,2318.25,-1799.0,228444.75,False,False,False,False
2017-02-17,-111.24999999999994,-1910.25,228517.25,False,False,False,False
2017-02-18,2927.25,0.0,231314.25,False,False,False,False
2017-02-19,1479.125,0.0,233270.625,False,False,False,False
2017-02-20,1803.625,0.0,234862.0,False,False,False,False
2017-02-21,1800.5,0.0,236294.625,False,False,False,False
2017-02-22,1265.625,0.0,237323.75,False,False,False,False
2017-02-23,462.0,0.0,238927.125,False,False,False,False
2017-02-24,972.9999999999995,0.0,239699.875,False,False,False,False
2017-02-25,1803.8749999999998,0.0,241253.625,False,False,False,False
2017-02-26,2951.7499999999995,0.0,244108.625,False,False,False,False
2017-02-27,-350.0,-350.0,243316.75,False,False,False,False
2017-02-28,298.75,-51.25,243290.625,False,False,False,False
2017-03-01,-19.125000000000114,-70.375,243182.875,False,False,False,False
2017-03-02,1060.6250000000002,0.0,244682.875,False,False,False,False
2017-03-03,238.37500000000009,0.0,245189.875,False,False,False,False
2017-03-04,1537.125,0.0,246682.875,False,False,False,False
2017-03-05,-756.1250000000001,-756.125,245017.125,False,False,False,False
2017-03-06,328.375,-427.75,246138.375,False,False,False,False
2017-03-07,389.375,-38.375,246670.75,False,False,False,False
2017-03-08,1765.625,0.0,248436.375,False,False,False,False
2017-03-09,2577.625,0.0,250660.375,False,False,False,False
2017-03-10,323.7500000000001,0.0,250859.25,False,False,False,False
2017-03-11,-360.12499999999983,-360.125,251288.375,False,False,False,False
2017-03-12,2320.7499999999995,0.0,252711.25,False,False,False,False
2017-03-13,1289.75,0.0,253116.875,False,False,False,False
2017-03-14,693.4999999999999,0.0,253810.375,False,False,False,False
2017-03-15,630.6249999999999,0.0,254460.125,False,False,False,False
2017-03-16,0.0,0.0,254460.125,False,False,False,False
2017-03-17,0.0,0.0,254460.125,False,False,False,False
2017-03-18,-1159.125,-1159.125,253121.75,False,False,False,False
2017-03-19,0.0,-1159.125,252696.5,False,False,False,False
2017-03-20,0.0,-1159.125,251241.875,False,False,False,False
2017-03-21,0.0,-1159.125,250749.0,False,False,False,False
2017-03-22,0.0,-1159.125,250785.0,False,False,False,False
2017-03-23,1529.5,0.0,252314.5,False,False,False,False
2017-03-24,-1053.125,-1053.125,251075.5,False,False,False,False
2017-03-25,3332.0,0.0,248196.5,False,False,False,False
2017-03-26,2218.9999999999995,0.0,248240.875,False,False,False,False
2017-03-27,-608.625,-608.625,242158.0,False,False,False,False
2017-03-28,-502.87499999999994,-1111.5,240331.5,False,False,False,False
2017-03-29,437.25000000000017,-674.25,242286.0,False,False,False,False
2017-03-30,2646.75,0.0,244452.25,False,False,False,False
2017-03-31,6504.875,0.0,250656.375,False,False,False,False
2017-04-01,4882.75,0.0,251371.625,False,False,False,False
2017-04-02,4880.625,0.0,257494.5,False,False,False,False
2017-04-03,1955.5,0.0,260621.875,False,False,False,False
2017-04-04,3766.375,0.0,264388.25,False,False,False,False
2017-04-05,2933.375,0.0,265121.125,False,False,False,False
2017-04-06,4649.875,0.0,267067.375,False,False,False,False
2017-04-07,3244.0,0.0,269719.625,False,False,False,False
2017-04-08,3778.625,0.0,273383.875,False,False,False,False
2017-04-09,2970.125,0.0,277128.75,False,False,False,False
2017-04-10,3905.8749999999995,0.0,279289.25,False,False,False,False
2017-04-11,3531.25,0.0,291849.625,False,False,False,False
2017-04-12,2328.5,0.0,294461.875,False,False,False,False
2017-04-13,-8.125000000000199,-8.125,294424.125,False,False,False,False
2017-04-14,1138.625,0.0,295275.5,False,False,False,False
2017-04-15,2382.3749999999995,0.0,304552.0,False,False,False,False
2017-04-16,4122.0,0.0,307024.375,False,False,False,False
2017-04-17,-3415.4999999999995,-3415.5,301946.0,False,False,False,False
2017-04-18,2086.5,-1329.0,303874.625,False,False,False,False
2017-04-19,-3072.125,-4401.125,302152.375,False,False,False,False
2017-04-20,5192.75,0.0,304795.75,False,False,False,False
2017-04-21,-485.1250000000001,-485.125,304434.25,False,False,False,False
2017-04-22,1310.0,0.0,305046.875,False,False,False,False
2017-04-23,3343.375,0.0,305007.0,False,False,False,False
2017-04-24,6034.75,0.0,311038.5,False,False,False,False
2017-04-25,-2589.625,-2589.625,310658.125,False,False,False,False
2017-04-26,-5698.375,-8288.0,305655.0,False,False,False,False
2017-04-27,-3297.125,-11585.125,300934.0,False,False,False,False
2017-04-28,-2319.375,-13904.5,298884.375,False,False,False,False
2017-04-29,-2655.0,-16559.5,299079.75,False,False,False,False
2017-04-30,2557.375,-14002.125,302873.625,False,False,False,False
2017-05-01,1109.7500000000002,-12892.375,301554.625,False,False,False,False
2017-05-02,-581.1250000000002,-13473.5,300398.75,False,False,False,False
2017-05-03,47.625000000000256,-13425.875,298529.875,False,False,False,False
2017-05-04,2470.0,-10955.875,296959.0,False,False,False,False
2017-05-05,2097.0,-8858.875,295244.125,False,False,False,False
2017-05-06,-2878.0000000000005,-11736.875,288787.25,False,False,False,False
2017-05-07,-2433.6250000000005,-14170.5,287526.875,False,False,False,False
2017-05-08,1305.0,-12865.5,288997.375,False,False,False,False
2017-05-09,470.875,-12394.625,297179.25,False,False,False,False
2017-05-10,1292.125,-11102.5,309878.625,False,False,False,False
2017-05-11,-1431.0000000000002,-12533.5,314276.625,False,False,False,False
2017-05-12,-10399.75,-22933.25,298863.5,False,False,False,False
2017-05-13,-3881.625,-26814.875,289107.375,False,False,False,False
2017-05-14,2975.25,-23839.625,287702.875,False,False,False,False
2017-05-15,-7536.0,-31375.625,275850.0,False,False,False,False
2017-05-16,-6358.375000000001,-37734.0,256202.0,False,False,False,False
2017-05-17,919.625,-36814.375,250687.125,False,False,False,False
2017-05-18,1401.625,-35412.75,246687.625,False,False,False,False
2017-05-19,411.4999999999999,-35001.25,245109.0,False,False,False,False
2017-05-20,-6002.125,-41003.375,237231.0,False,False,False,False
2017-05-21,2041.375,-38962.0,237896.5,False,False,False,False
2017-05-22,1913.125,-37048.875,238221.75,False,False,False,False
2017-05-23,3175.6249999999995,-33873.25,236813.625,False,False,False,False
2017-05-24,2436.875,-31436.375,235754.125,False,False,False,False
2017-05-25,1135.625,-30300.75,236332.0,False,False,False,False
2017-05-26,-1478.7500000000002,-31779.5,236782.125,False,False,False,False
2017-05-27,-5921.125,-37700.625,228383.375,False,False,False,False
2017-05-28,1311.5000000000002,-36389.125,226073.25,False,False,False,False
2017-05-29,-8537.125,-44926.25,214617.875,False,False,False,False
2017-05-30,3287.6249999999995,-41638.625,216399.375,False,False,False,False
2017-05-31,5113.5,-36525.125,224362.0,False,False,False,False
2017-06-01,3950.0,-32575.125,229808.25,False,False,False,False
2017-06-02,4153.0,-28422.125,230415.25,False,False,False,False
2017-06-03,1273.125,-27149.0,231074.375,False,False,False,False
2017-06-04,1328.25,-25820.75,234825.0,False,False,False,False
2017-06-05,2817.875,-23002.875,241310.375,False,False,False,False
2017-06-06,-624.6250000000001,-23627.5,238839.25,False,False,False,False
2017-06-07,521.9999999999995,-23105.5,244313.75,False,False,False,False
2017-06-08,1289.125,-21816.375,242767.625,False,False,False,False
2017-06-09,4042.375,-17774.0,247254.875,False,False,False,False
2017-06-10,4448.25,-13325.75,253817.0,False,False,False,False
2017-06-11,1477.375,-11848.375,260553.5,False,False,False,False
2017-06-12,4793.0,-7055.375,269771.25,False,False,False,False
2017-06-13,4318.25,-2737.125,276220.5,False,False,False,False
2017-06-14,2569.0,-168.125,276320.75,False,False,False,False
2017-06-15,1553.875,0.0,273213.375,False,False,False,False
2017-06-16,1021.7500000000001,0.0,277258.75,False,False,False,False
2017-06-17,5707.25,0.0,280614.375,False,False,False,False
2017-06-18,-4653.0,-4653.0,276228.375,False,False,False,False
2017-06-19,-20893.125,-25546.125,253417.375,False,False,False,False
2017-06-20,2989.125,-22557.0,255856.875,False,False,False,False
2017-06-21,-19051.5,-41608.5,232112.125,False,False,False,False
2017-06-22,3757.125,-37851.375,234509.0,False,False,False,False
2017-06-23,1726.1250000000002,-36125.25,237545.125,False,False,False,False
2017-06-24,8850.875,-27274.375,241292.5,False,False,False,False
2017-06-25,4943.75,-22330.625,243093.125,False,False,False,False
2017-06-26,16505.25,-5825.375,262657.0,False,False,False,False
2017-06-27,-1074.625,-6900.0,260198.875,False,False,False,False
2017-06-28,3109.125,-3790.875,258871.625,False,False,False,False
2017-06-29,2378.75,-1412.125,259509.625,False,False,False,False
2017-06-30,3694.0,0.0,260169.0,False,False,False,False
2017-07-01,6263.625,0.0,265424.75,False,False,False,False
2017-07-02,2836.375,0.0,266850.0,False,False,False,False
2017-07-03,7042.25,0.0,282708.0,False,False,False,False
2017-07-04,8272.75,0.0,289737.625,False,False,False,False
2017-07-05,-86.74999999999943,-86.75,285695.625,False,False,False,False
2017-07-06,1595.6250000000002,0.0,282316.125,False,False,False,False
2017-07-07,-5744.0,-5744.0,277109.375,False,False,False,False
2017-07-08,5643.875,-100.125,278198.5,False,False,False,False
2017-07-09,768.0000000000002,0.0,279799.125,False,False,False,False
2017-07-10,2195.125,0.0,283310.25,False,False,False,False
2017-07-11,10164.875,0.0,289602.875,False,False,False,False
2017-07-12,5571.75,0.0,290388.5,False,False,False,False
2017-07-13,-5345.625,-5345.625,281067.5,False,False,False,False
2017-07-14,2600.5,-2745.125,281141.875,False,False,False,False
2017-07-15,2950.75,0.0,281901.25,False,False,False,False
2017-07-16,3130.75,0.0,274590.625,False,False,False,False
2017-07-17,613.1250000000003,0.0,274939.125,False,False,False,False
2017-07-18,1857.875,0.0,282149.375,False,False,False,False
2017-07-19,-7817.375,-7817.375,285841.75,False,False,False,False
2017-07-20,2624.2499999999995,-5193.125,295202.75,False,False,False,False
2017-07-21,2622.3750000000005,-2570.75,294261.75,False,False,False,False
2017-07-22,5830.125,0.0,295488.5,False,False,False,False
2017-07-23,3521.25,0.0,299108.5,False,False,False,False
2017-07-24,3633.374999999999,0.0,301427.5,False,False,False,False
2017-07-25,326.74999999999966,0.0,296508.375,False,False,False,False
2017-07-26,3339.375,0.0,294589.5,False,False,False,False
2017-07-27,512.1249999999993,0.0,292183.0,False,False,False,False
2017-07-28,-4917.75,-4917.75,282023.375,False,False,False,False
2017-07-29,-2641.75,-7559.5,278117.25,False,False,False,False
2017-07-30,358.1250000000002,-7201.375,273630.125,False,False,False,False
2017-07-31,5446.375,-1755.0,275624.0,False,False,False,False
2017-08-01,5630.75,0.0,275886.25,False,False,False,False
2017-08-02,-2475.875,-2475.875,268041.375,False,False,False,False
2017-08-03,-890.1249999999999,-3366.0,262806.375,False,False,False,False
2017-08-04,3036.5,-329.5,261773.25,False,False,False,False
2017-08-05,4208.5,0.0,260535.25,False,False,False,False
2017-08-06,462.3750000000001,0.0,256248.5,False,False,False,False
2017-08-07,2252.8750000000005,0.0,255842.25,False,False,False,False
2017-08-08,431.4999999999996,0.0,252435.625,False,False,False,False
2017-08-09,-600.4999999999999,-600.5,248059.875,False,False,False,False
2017-08-10,5877.375,0.0,251166.375,False,False,False,False
2017-08-11,3967.375,0.0,254888.25,False,False,False,False
2017-08-12,-812.375,-812.375,256201.875,False,False,False,False
2017-08-13,1980.9999999999995,0.0,260999.625,False,False,False,False
2017-08-14,1414.6249999999998,0.0,262808.5,False,False,False,False
2017-08-15,1775.5,0.0,264438.0,False,False,False,False
2017-08-16,2813.875,0.0,266974.75,False,False,False,False
2017-08-17,-4637.25,-4637.25,264660.125,False,False,False,False
2017-08-18,2220.9999999999995,-2416.25,261639.75,False,False,False,False
2017-08-19,2819.5,0.0,268266.5,False,False,False,False
2017-08-20,-4631.25,-4631.25,259815.5,False,False,False,False
2017-08-21,953.25,-3678.0,260260.75,False,False,False,False
2017-08-22,-1402.7500000000005,-5080.75,258780.75,False,False,False,False
2017-08-23,-1823.8750000000002,-6904.625,258897.125,False,False,False,False
2017-08-24,3449.375,-3455.25,267736.625,False,False,False,False
2017-08-25,2756.0,-699.25,275457.75,False,False,False,False
2017-08-26,3371.125,0.0,274447.375,False,False,False,False
2017-08-27,3647.75,0.0,274055.875,False,False,False,False
2017-08-28,-666.2500000000001,-666.25,269807.25,False,False,False,False
2017-08-29,-5219.25,-5885.5,257537.75,False,False,False,False
2017-08-30,4586.5,-1299.0,256703.75,False,False,False,False
2017-08-31,3349.625,0.0,261042.375,False,False,False,False
2017-09-01,5121.125,0.0,258635.625,False,False,False,False
2017-09-02,5352.125,0.0,262918.75,False,False,False,False
2017-09-03,-332.1249999999998,-332.125,270569.625,False,False,False,False
2017-09-04,-3860.875,-4193.0,270097.875,False,False,False,False
2017-09-05,-2119.25,-6312.25,274007.625,False,False,False,False
2017-09-06,2786.375,-3525.875,278420.75,False,False,False,False
2017-09-07,3109.75,-416.125,290414.5,False,False,False,False
2017-09-08,4863.125,0.0,291778.5,False,False,False,False
2017-09-09,2484.25,0.0,292487.625,False,False,False,False
2017-09-10,-1134.875,-1134.875,292797.125,False,False,False,False
2017-09-11,2821.875,0.0,290600.25,False,False,False,False
2017-09-12,-4919.5,-4919.5,285381.0,False,False,False,False
2017-09-13,-2319.375,-7238.875,306915.0,False,False,False,False
2017-09-14,-897.0000000000001,-8135.875,299436.75,False,False,False,False
2017-09-15,-2106.8749999999995,-10242.75,287835.75,False,False,False,False
2017-09-16,832.7499999999999,-9410.0,285354.375,False,False,False,False
2017-09-17,-2307.5,-11717.5,277571.125,False,False,False,False
2017-09-18,489.25,-11228.25,274185.625,False,False,False,False
2017-09-19,2117.875,-9110.375,273739.25,False,False,False,False
2017-09-20,-3691.875,-12802.25,268926.0,False,False,False,False
2017-09-21,-5063.625,-17865.875,261209.625,False,False,False,False
2017-09-22,3407.875,-14458.0,260550.125,False,False,False,False
2017-09-23,4461.25,-9996.75,257807.875,False,False,False,False
2017-09-24,-2291.125,-12287.875,254262.875,False,False,False,False
2017-09-25,-1245.375,-13533.25,250331.125,False,False,False,False
2017-09-26,2781.625,-10751.625,251285.625,False,False,False,False
2017-09-27,-616.7499999999997,-11368.375,249223.125,False,False,False,False
2017-09-28,497.375,-10871.0,250155.25,False,False,False,False
2017-09-29,557.25,-10313.75,249949.375,False,False,False,False
2017-09-30,1964.6249999999995,-8349.125,249072.0,False,False,False,False
2017-10-01,3011.75,-5337.375,245909.75,False,False,False,False
2017-10-02,1602.2499999999998,-3735.125,247690.375,False,False,False,False
2017-10-03,5042.0,0.0,246821.625,False,False,False,False
2017-10-04,-3836.6250000000005,-3836.625,236771.875,False,False,False,False
2017-10-05,300.7500000000001,-3535.875,235942.5,False,False,False,False
2017-10-06,-277.24999999999983,-3813.125,232135.0,False,False,False,False
2017-10-07,344.25000000000006,-3468.875,246677.75,False,False,False,False
2017-10-08,1328.8750000000005,-2140.0,249580.75,False,False,False,False
2017-10-09,-432.6250000000003,-2572.625,250908.25,False,False,False,False
2017-10-10,5411.0,0.0,255259.375,False,False,False,False
2017-10-11,3363.5,0.0,258685.5,False,False,False,False
2017-10-12,7287.125,0.0,267241.0,False,False,False,False
2017-10-13,-3388.25,-3388.25,263223.25,False,False,False,False
2017-10-14,2336.25,-1052.0,262390.875,False,False,False,False
2017-10-15,-2377.0,-3429.0,259405.625,False,False,False,False
2017-10-16,-5198.25,-8627.25,250991.25,False,False,False,False
2017-10-17,2587.0,-6040.25,251324.375,False,False,False,False
2017-10-18,454.8749999999998,-5585.375,251515.625,False,False,False,False
2017-10-19,-1886.125,-7471.5,248478.625,False,False,False,False
2017-10-20,3998.625,-3472.875,250943.25,False,False,False,False
2017-10-21,2416.75,-1056.125,253543.5,False,False,False,False
2017-10-22,1204.1249999999998,0.0,258702.125,False,False,False,False
2017-10-23,-27.249999999999858,-27.25,256622.5,False,False,False,False
2017-10-24,2194.5,0.0,257589.25,False,False,False,False
2017-10-25,4273.375,0.0,261330.25,False,False,False,False
2017-10-26,1821.25,0.0,261684.75,False,False,False,False
2017-10-27,3968.625,0.0,262313.5,False,False,False,False
2017-10-28,3372.75,0.0,263104.375,False,False,False,False
2017-10-29,2191.6250000000005,0.0,266428.125,False,False,False,False
2017-10-30,452.25000000000006,0.0,267305.75,False,False,False,False
2017-10-31,-2824.375,-2824.375,264680.5,False,False,False,False
2017-11-01,341.2499999999999,-2483.125,265305.625,False,False,False,False
2017-11-02,-322.87499999999994,-2806.0,263733.75,False,False,False,False
2017-11-03,1110.375,-1695.625,265341.25,False,False,False,False
2017-11-04,1381.5,-314.125,266722.75,False,False,False,False
2017-11-05,2483.75,0.0,266410.5,False,False,False,False
2017-11-06,-80.875,-80.875,266110.25,False,False,False,False
2017-11-07,-513.7500000000002,-594.625,265596.5,False,False,False,False
2017-11-08,705.75,0.0,266870.5,False,False,False,False
2017-11-09,1526.6249999999995,0.0,268097.625,False,False,False,False
2017-11-10,1463.2499999999995,0.0,270071.375,False,False,False,False
2017-11-11,687.8749999999999,0.0,270641.125,False,False,False,False
2017-11-12,-104.12500000000028,-104.125,275359.875,False,False,False,False
2017-11-13,76.74999999999994,-27.375,275080.75,False,False,False,False
2017-11-14,-184.37500000000026,-211.75,274296.625,False,False,False,False
2017-11-15,-168.62499999999994,-380.375,273182.75,False,False,False,False
2017-11-16,-320.2499999999999,-700.625,269524.75,False,False,False,False
2017-11-17,-35.74999999999994,-736.375,278240.5,False,False,False,False
2017-11-18,-674.25,-1410.625,276896.25,False,False,False,False
2017-11-19,999.75,-410.875,276901.875,False,False,False,False
2017-11-20,651.8749999999999,0.0,281600.375,False,False,False,False
2017-11-21,-126.75000000000037,-126.75,281473.625,False,False,False,False
2017-11-22,1037.0,0.0,282875.875,False,False,False,False
2017-11-23,156.75000000000006,0.0,283334.125,False,False,False,False
2017-11-24,875.2499999999998,0.0,285151.375,False,False,False,False
2017-11-25,13.12499999999983,0.0,285164.5,False,False,False,False
2017-11-26,-158.12500000000028,-158.125,285020.25,False,False,False,False
2017-11-27,1407.125,0.0,285741.75,False,False,False,False
2017-11-28,-469.2500000000001,-469.25,285162.75,False,False,False,False
2017-11-29,31.37500000000007,-437.875,285194.125,False,False,False,False
2017-11-30,-1350.75,-1788.625,283843.375,False,False,False,False
2017-12-01,-226.24999999999991,-2014.875,283617.125,False,False,False,False
2017-12-02,-27.374999999999986,-2042.25,283589.75,False,False,False,False
2017-12-03,-1360.1249999999998,-3402.375,282624.125,False,False,False,False
2017-12-04,-148.75000000000006,-3551.125,281939.25,False,False,False,False
2017-12-05,0.0,-3551.125,281718.5,False,False,False,False
2017-12-06,448.37500000000006,-3102.75,282166.875,False,False,False,False
2017-12-07,1622.375,-1480.375,283519.375,False,False,False,False
2017-12-08,-1977.875,-3458.25,281541.5,False,False,False,False
2017-12-09,-2132.0,-5590.25,277590.75,False,False,False,False
2017-12-10,-170.25000000000006,-5760.5,280895.625,False,False,False,False
2017-12-11,193.00000000000006,-5567.5,279690.5,False,False,False,False
2017-12-12,-254.37499999999983,-5821.875,279344.375,False,False,False,False
2017-12-13,0.0,-5821.875,279344.375,False,False,False,False
2017-12-14,0.0,-5821.875,280085.125,False,False,False,False
2017-12-15,209.375,-5612.5,280294.5,False,False,False,False
2017-12-16,-187.87499999999994,-5800.375,279642.125,False,False,False,False
2017-12-17,-729.1250000000001,-6529.5,278556.375,False,False,False,False
2017-12-18,-1086.5,-7616.0,277469.875,False,False,False,False
2017-12-19,337.125,-7278.875,277528.25,False,False,False,False
2017-12-20,91.37500000000003,-7187.5,277619.625,False,False,False,False
2017-12-21,0.0,-7187.5,277761.875,False,False,False,False
2017-12-22,640.75,-6546.75,276055.0,False,False,False,False
2017-12-23,1493.25,-5053.5,279485.625,False,False,False,False
2017-12-24,3207.2499999999995,-1846.25,282837.625,False,False,False,False
2017-12-25,2423.25,0.0,284482.375,False,False,False,False
2017-12-26,-1173.2500000000005,-1173.25,286233.875,False,False,False,False
2017-12-27,409.50000000000006,-763.75,286536.5,False,False,False,False
2017-12-28,2357.0,0.0,288449.625,False,False,False,False
2017-12-29,-86.25000000000018,-86.25,288226.125,False,False,False,False
2017-12-30,-3161.75,-3248.0,283616.625,False,False,False,False
2017-12-31,-538.1249999999999,-3786.125,282358.0,False,False,False,False
2018-01-01,2531.25,-1254.875,280297.875,False,False,False,False
2018-01-02,818.875,-436.0,279889.875,False,False,False,False
2018-01-03,889.0,0.0,280829.375,False,False,False,False
2018-01-04,787.7500000000001,0.0,281515.625,False,False,False,False
2018-01-05,-551.0,-551.0,281378.625,False,False,False,False
2018-01-06,1172.875,0.0,282551.5,False,False,False,False
2018-01-07,934.7499999999998,0.0,283354.75,False,False,False,False
2018-01-08,153.37500000000006,0.0,283022.25,False,False,False,False
2018-01-09,616.5,0.0,283391.875,False,False,False,False
2018-01-10,38.874999999999915,0.0,283864.125,False,False,False,False
2018-01-11,0.0,0.0,282805.875,False,False,False,False
2018-01-12,-231.25,-231.25,282574.625,False,False,False,False
2018-01-13,2342.375,0.0,285151.375,False,False,False,False
2018-01-14,1083.75,0.0,286439.0,False,False,False,False
2018-01-15,-499.625,-499.625,285777.0,False,False,False,False
2018-01-16,-1148.75,-1648.375,284140.0,False,False,False,False
2018-01-17,-83.0,-1731.375,284057.0,False,False,False,False
2018-01-18,-117.62500000000003,-1849.0,283939.375,False,False,False,False
2018-01-19,-46.99999999999997,-1896.0,283892.375,False,False,False,False
2018-01-20,0.0,-1896.0,283892.375,False,False,False,False
2018-01-21,-286.7500000000001,-2182.75,283605.625,False,False,False,False
2018-01-22,345.625,-1837.125,283951.25,False,False,False,False
2018-01-23,1604.0,-233.125,285555.25,False,False,False,False
2018-01-24,-1986.375,-2219.5,283574.125,False,False,False,False
2018-01-25,187.12500000000003,-2032.375,284064.625,False,False,False,False
2018-01-26,497.3750000000001,-1535.0,284292.75,False,False,False,False
2018-01-27,1279.0,-256.0,286305.75,False,False,False,False
2018-01-28,853.7500000000003,0.0,286689.375,False,False,False,False
2018-01-29,83.24999999999997,0.0,286791.625,False,False,False,False
2018-01-30,150.37499999999994,0.0,287052.25,False,False,False,False
2018-01-31,-988.7500000000001,-988.75,285755.0,False,False,False,False
2018-02-01,244.2499999999999,-744.5,285484.5,False,False,False,False
2018-02-02,-131.25,-875.75,284536.25,False,False,False,False
2018-02-03,338.00000000000006,-537.75,283890.75,False,False,False,False
2018-02-04,-759.6250000000001,-1297.375,283257.125,False,False,False,False
2018-02-05,0.0,-1297.375,282860.625,False,False,False,False
2018-02-06,0.0,-1297.375,282619.5,False,False,False,False
2018-02-07,-153.87500000000003,-1451.25,282414.5,False,False,False,False
2018-02-08,47.37499999999997,-1403.875,282461.875,False,False,False,False
2018-02-09,-354.125,-1758.0,282107.75,False,False,False,False
2018-02-10,-30.0,-1788.0,281815.375,False,False,False,False
2018-02-11,102.7500000000004,-1685.25,282425.25,False,False,False,False
2018-02-12,543.0,-1142.25,286851.375,False,False,False,False
2018-02-13,-1176.875,-2319.125,284546.875,False,False,False,False
2018-02-14,388.875,-1930.25,285583.25,False,False,False,False
2018-02-15,628.375,-1301.875,286043.375,False,False,False,False
2018-02-16,287.9999999999999,-1013.875,284013.125,False,False,False,False
2018-02-17,501.2500000000001,-512.625,284625.625,False,False,False,False
2018-02-18,764.75,0.0,282463.125,False,False,False,False
2018-02-19,366.75,0.0,281350.75,False,False,False,False
2018-02-20,1272.3750000000005,0.0,280819.5,False,False,False,False
2018-02-21,0.0,0.0,279019.0,False,False,False,False
2018-02-22,0.0,0.0,277753.375,False,False,False,False
2018-02-23,0.0,0.0,277291.375,False,False,False,False
2018-02-24,1269.5,0.0,277587.875,False,False,False,False
2018-02-25,1841.625,0.0,277625.625,False,False,False,False
2018-02-26,0.0,0.0,274673.875,False,False,False,False
2018-02-27,-1133.0000000000002,-1133.0,273890.875,False,False,False,False
2018-02-28,-3450.250000000001,-4583.25,270141.875,False,False,False,False
2018-03-01,-2003.9999999999998,-6587.25,268157.0,False,False,False,False
2018-03-02,5706.375,-880.875,272802.75,False,False,False,False
2018-03-03,-6400.375,-7281.25,266164.0,False,False,False,False
2018-03-04,-233.1250000000001,-7514.375,264393.75,False,False,False,False
2018-03-05,0.0,-7514.375,265149.875,False,False,False,False
2018-03-06,245.12499999999997,-7269.25,265066.625,False,False,False,False
2018-03-07,0.0,-7269.25,264677.25,False,False,False,False
2018-03-08,0.0,-7269.25,262911.625,False,False,False,False
2018-03-09,-376.75,-7646.0,259957.25,False,False,False,False
2018-03-10,685.2500000000001,-6960.75,260318.75,False,False,False,False
2018-03-11,2168.75,-4792.0,262847.625,False,False,False,False
2018-03-12,466.6249999999998,-4325.375,260993.5,False,False,False,False
2018-03-13,831.625,-3493.75,260535.375,False,False,False,False
2018-03-14,3635.0,0.0,263476.875,False,False,False,False
2018-03-15,1050.25,0.0,263896.5,False,False,False,False
2018-03-16,869.4999999999998,0.0,264766.0,False,False,False,False
2018-03-17,1317.375,0.0,266083.375,False,False,False,False
2018-03-18,-1705.6250000000005,-1705.625,265536.875,False,False,False,False
2018-03-19,1042.7499999999995,-662.875,266579.625,False,False,False,False
2018-03-20,-419.5,-1082.375,266160.125,False,False,False,False
2018-03-21,0.0,-1082.375,266160.125,False,False,False,False
2018-03-22,2925.75,0.0,269085.875,False,False,False,False
2018-03-23,1675.125,0.0,269231.5,False,False,False,False
2018-03-24,1886.375,0.0,272171.0,False,False,False,False
2018-03-25,-613.9999999999998,-614.0,268225.0,False,False,False,False
2018-03-26,448.6250000000001,-165.375,266454.625,False,False,False,False
2018-03-27,-2827.875,-2993.25,264235.375,False,False,False,False
2018-03-28,396.2500000000001,-2597.0,265134.5,False,False,False,False
2018-03-29,-210.37499999999994,-2807.375,264486.875,False,False,False,False
2018-03-30,-3117.0,-5924.375,258723.125,False,False,False,False
2018-03-31,-3670.6249999999995,-9595.0,248547.625,False,False,False,False
2018-04-01,-396.4999999999999,-9991.5,243268.375,False,False,False,False
2018-04-02,-999.2500000000002,-10990.75,237388.5,False,False,False,False
2018-04-03,1451.9999999999998,-9538.75,236885.0,False,False,False,False
2018-04-04,2066.6249999999995,-7472.125,235185.25,False,False,False,False
2018-04-05,2135.2500000000005,-5336.875,234387.125,False,False,False,False
2018-04-06,1698.0000000000002,-3638.875,231435.25,False,False,False,False
2018-04-07,-795.8749999999998,-4434.75,227395.375,False,False,False,False
2018-04-08,-2296.125,-6730.875,221320.625,False,False,False,False
2018-04-09,1099.5,-5631.375,219450.0,False,False,False,False
2018-04-10,-3159.25,-8790.625,212384.875,False,False,False,False
2018-04-11,-5552.625,-14343.25,203301.0,False,False,False,False
2018-04-12,-6121.5,-20464.75,194851.0,False,False,False,False
2018-04-13,653.1249999999999,-19811.625,195512.25,False,False,False,False
2018-04-14,6299.625,-13512.0,200673.25,False,False,False,False
2018-04-15,138.24999999999994,-13373.75,198429.125,False,False,False,False
2018-04-16,4354.25,-9019.5,198661.375,False,False,False,False
2018-04-17,3210.375,-5809.125,205287.25,False,False,False,False
2018-04-18,3608.1250000000005,-2201.0,206808.875,False,False,False,False
2018-04-19,1655.8750000000005,-545.125,211536.875,False,False,False,False
2018-04-20,3964.75,0.0,210308.875,False,False,False,False
2018-04-21,2552.375,0.0,213346.375,False,False,False,False
2018-04-22,2757.8749999999995,0.0,214794.25,False,False,False,False
2018-04-23,3220.125,0.0,214671.0,False,False,False,False
2018-04-24,1358.2499999999998,0.0,209994.5,False,False,False,False
2018-04-25,-179.12500000000045,-179.125,212405.0,False,False,False,False
2018-04-26,3008.375,0.0,221111.75,False,False,False,False
2018-04-27,1405.625,0.0,225814.5,False,False,False,False
2018-04-28,-669.1250000000002,-669.125,227464.75,False,False,False,False
2018-04-29,-4061.9999999999995,-4731.125,226057.75,False,False,False,False
2018-04-30,-333.7500000000002,-5064.875,223166.625,False,False,False,False
2018-05-01,-131.4999999999999,-5196.375,221925.375,False,False,False,False
2018-05-02,-623.875,-5820.25,221882.625,False,False,False,False
2018-05-03,2075.9999999999995,-3744.25,223911.0,False,False,False,False
2018-05-04,5575.375,0.0,227016.375,False,False,False,False
2018-05-05,4104.25,0.0,229023.625,False,False,False,False
2018-05-06,4514.25,0.0,236415.875,False,False,False,False
2018-05-07,-1535.875,-1535.875,237313.625,False,False,False,False
2018-05-08,3342.625,0.0,239351.25,False,False,False,False
2018-05-09,2517.125,0.0,241397.5,False,False,False,False
2018-05-10,6128.875,0.0,246234.25,False,False,False,False
2018-05-11,337.0,0.0,248002.25,False,False,False,False
2018-05-12,-1335.7499999999998,-1335.75,257066.25,False,False,False,False
2018-05-13,1519.8750000000002,0.0,262467.75,False,False,False,False
2018-05-14,3159.0,0.0,262651.5,False,False,False,False
2018-05-15,-2812.5,-2812.5,267375.0,False,False,False,False
2018-05-16,5536.625,0.0,279270.0,False,False,False,False
2018-05-17,1072.5,0.0,279422.875,False,False,False,False
2018-05-18,4530.25,0.0,282551.5,False,False,False,False
2018-05-19,1529.7500000000002,0.0,283669.75,False,False,False,False
2018-05-20,-3095.875,-3095.875,286576.0,False,False,False,False
2018-05-21,-72.00000000000009,-3167.875,284462.625,False,False,False,False
2018-05-22,3786.25,0.0,286335.75,False,False,False,False
2018-05-23,-2047.0,-2047.0,281113.125,False,False,False,False
2018-05-24,-64.87500000000057,-2111.875,278611.375,False,False,False,False
2018-05-25,-115.12499999999994,-2227.0,277360.625,False,False,False,False
2018-05-26,2828.875,0.0,281668.25,False,False,False,False
2018-05-27,935.75,0.0,288525.125,False,False,False,False
2018-05-28,2525.8750000000005,0.0,289739.5,False,False,False,False
2018-05-29,824.3750000000001,0.0,299101.0,False,False,False,False
2018-05-30,-6531.5,-6531.5,289281.875,False,False,False,False
2018-05-31,-683.7499999999999,-7215.25,283484.625,False,False,False,False
2018-06-01,3586.8750000000005,-3628.375,283121.5,False,False,False,False
2018-06-02,-535.0,-4163.375,278433.5,False,False,False,False
2018-06-03,-2161.875,-6325.25,274998.5,False,False,False,False
2018-06-04,2577.7499999999995,-3747.5,276248.0,False,False,False,False
2018-06-05,2072.25,-1675.25,275502.375,False,False,False,False
2018-06-06,4590.625,0.0,280717.625,False,False,False,False
2018-06-07,1248.7499999999995,0.0,281444.375,False,False,False,False
2018-06-08,383.87500000000034,0.0,280539.125,False,False,False,False
2018-06-09,3924.875,0.0,280421.625,False,False,False,False
2018-06-10,367.75000000000006,0.0,276341.125,False,False,False,False
2018-06-11,3789.625,0.0,278653.375,False,False,False,False
2018-06-12,2544.875,0.0,276405.25,False,False,False,False
2018-06-13,2665.25,0.0,274752.25,False,False,False,False
2018-06-14,-137.25000000000009,-137.25,272046.0,False,False,False,False
2018-06-15,-1321.2500000000002,-1458.5,269170.875,False,False,False,False
2018-06-16,4453.0,0.0,272602.125,False,False,False,False
2018-06-17,682.4999999999998,0.0,267577.375,False,False,False,False
2018-06-18,2643.125,0.0,274873.5,False,False,False,False
2018-06-19,-4975.999999999999,-4976.0,290790.625,False,False,False,False
2018-06-20,1986.0000000000002,-2990.0,289787.5,False,False,False,False
2018-06-21,3969.0,0.0,312808.0,False,False,False,False
2018-06-22,2329.625,0.0,311380.5,False,False,False,False
2018-06-23,-1410.7500000000002,-1410.75,308243.625,False,False,False,False
2018-06-24,325.5000000000001,-1085.25,299718.25,False,False,False,False
2018-06-25,-439.87499999999994,-1525.125,294334.625,False,False,False,False
2018-06-26,-24.249999999999943,-1549.375,277805.125,False,False,False,False
2018-06-27,2293.5,0.0,281173.25,False,False,False,False
2018-06-28,6322.25,0.0,284386.375,False,False,False,False
2018-06-29,3106.125,0.0,285113.75,False,False,False,False
2018-06-30,-986.1249999999997,-986.125,280433.625,False,False,False,False
2018-07-01,-612.2499999999997,-1598.375,273557.75,False,False,False,False
2018-07-02,168.87500000000003,-1429.5,270890.25,False,False,False,False
2018-07-03,2123.6249999999995,0.0,265971.625,False,False,False,False
2018-07-04,3334.9999999999995,0.0,261033.875,False,False,False,False
2018-07-05,-2288.2500000000005,-2288.25,258832.375,False,False,False,False
2018-07-06,-4233.375,-6521.625,253003.375,False,False,False,False
2018-07-07,-1886.3749999999995,-8408.0,256861.0,False,False,False,False
2018-07-08,293.62500000000017,-8114.375,251510.75,False,False,False,False
2018-07-09,-182.12500000000006,-8296.5,250560.625,False,False,False,False
2018-07-10,-527.1249999999999,-8823.625,247838.375,False,False,False,False
2018-07-11,3815.0,-5008.625,241488.5,False,False,False,False
2018-07-12,-2353.0000000000005,-7361.625,233563.75,False,False,False,False
2018-07-13,-5200.5,-12562.125,233708.875,False,False,False,False
2018-07-14,2492.9999999999995,-10069.125,233601.375,False,False,False,False
2018-07-15,2544.75,-7524.375,233195.375,False,False,False,False
2018-07-16,-1800.5000000000002,-9324.875,228264.125,False,False,False,False
2018-07-17,-1036.375,-10361.25,226614.625,False,False,False,False
2018-07-18,-0.7499999999995737,-10362.0,224756.0,False,False,False,False
2018-07-19,2576.375,-7785.625,235149.75,False,False,False,False
2018-07-20,5177.125,-2608.5,237702.625,False,False,False,False
2018-07-21,3063.375,0.0,238143.625,False,False,False,False
2018-07-22,-888.3749999999995,-888.375,231425.125,False,False,False,False
2018-07-23,1295.1249999999998,0.0,229199.0,False,False,False,False
2018-07-24,3498.875,0.0,229064.5,False,False,False,False
2018-07-25,635.7499999999995,0.0,229373.5,False,False,False,False
2018-07-26,-954.6250000000005,-954.625,225079.5,False,False,False,False
2018-07-27,-321.6250000000001,-1276.25,224245.75,False,False,False,False
2018-07-28,5679.625,0.0,234843.125,False,False,False,False
2018-07-29,-1686.2499999999998,-1686.25,235798.625,False,False,False,False
2018-07-30,964.3750000000001,-721.875,236404.875,False,False,False,False
2018-07-31,4308.875000000001,0.0,235267.375,False,False,False,False
2018-08-01,5368.375,0.0,235005.0,False,False,False,False
2018-08-02,1870.5000000000002,0.0,239351.375,False,False,False,False
2018-08-03,-2515.7499999999995,-2515.75,237725.75,False,False,False,False
2018-08-04,-1589.8750000000005,-4105.625,233099.375,False,False,False,False
2018-08-05,2467.5,-1638.125,231358.375,False,False,False,False
2018-08-06,426.74999999999994,-1211.375,231322.75,False,False,False,False
2018-08-07,-57.37499999999932,-1268.75,229012.5,False,False,False,False
2018-08-08,3862.75,0.0,232443.75,False,False,False,False
2018-08-09,1977.75,0.0,235022.0,False,False,False,False
2018-08-10,-778.375,-778.375,228366.25,False,False,False,False
2018-08-11,5077.625,0.0,229476.5,False,False,False,False
2018-08-12,168.75000000000026,0.0,230457.625,False,False,False,False
2018-08-13,-6282.5,-6282.5,222194.125,False,False,False,False
2018-08-14,2069.375,-4213.125,222848.875,False,False,False,False
2018-08-15,-1501.125,-5714.25,219572.25,False,False,False,False
2018-08-16,2366.2500000000005,-3348.0,219124.625,False,False,False,False
2018-08-17,1767.6249999999998,-1580.375,225529.5,False,False,False,False
2018-08-18,1192.875,-387.5,224501.375,False,False,False,False
2018-08-19,571.125,0.0,222253.0,False,False,False,False
2018-08-20,-9420.25,-9420.25,217464.0,False,False,False,False
2018-08-21,1517.0000000000007,-7903.25,218027.75,False,False,False,False
2018-08-22,1663.8750000000002,-6239.375,221094.375,False,False,False,False
2018-08-23,-3292.0,-9531.375,219626.25,False,False,False,False
2018-08-24,1112.8749999999998,-8418.5,217289.75,False,False,False,False
2018-08-25,4570.25,-3848.25,219104.0,False,False,False,False
2018-08-26,203.37500000000045,-3644.875,215936.25,False,False,False,False
2018-08-27,1868.625,-1776.25,214157.125,False,False,False,False
2018-08-28,1145.0000000000002,-631.25,215968.375,False,False,False,False
2018-08-29,-605.1250000000006,-1236.375,220582.5,False,False,False,False
2018-08-30,7654.75,0.0,223650.75,False,False,False,False
2018-08-31,4071.875,0.0,224373.0,False,False,False,False
2018-09-01,1251.75,0.0,220503.625,False,False,False,False
2018-09-02,640.25,0.0,215791.75,False,False,False,False
2018-09-03,4151.75,0.0,220275.625,False,False,False,False
2018-09-04,3365.0,0.0,227501.5,False,False,False,False
2018-09-05,1608.125,0.0,231228.875,False,False,False,False
2018-09-06,3423.375,0.0,231865.875,False,False,False,False
2018-09-07,1265.6250000000002,0.0,230021.75,False,False,False,False
2018-09-08,-2074.625,-2074.625,223084.0,False,False,False,False
2018-09-09,1618.875,-455.75,222218.625,False,False,False,False
2018-09-10,2827.3749999999995,0.0,226180.875,False,False,False,False
2018-09-11,2812.875,0.0,226171.875,False,False,False,False
2018-09-12,867.2499999999997,0.0,231958.625,False,False,False,False
2018-09-13,502.75000000000045,0.0,234780.75,False,False,False,False
2018-09-14,2489.6250000000005,0.0,238167.375,False,False,False,False
2018-09-15,3085.25,0.0,243359.5,False,False,False,False
2018-09-16,-1292.6250000000005,-1292.625,241234.125,False,False,False,False
2018-09-17,-1037.3749999999998,-2330.0,242504.25,False,False,False,False
2018-09-18,138.7500000000001,-2191.25,242153.75,False,False,False,False
2018-09-19,5788.5,0.0,245824.375,False,False,False,False
2018-09-20,-5185.25,-5185.25,244331.0,False,False,False,False
2018-09-21,1091.7500000000007,-4093.5,250486.375,False,False,False,False
2018-09-22,-301.87500000000034,-4395.375,246776.625,False,False,False,False
2018-09-23,1297.125,-3098.25,243612.5,False,False,False,False
2018-09-24,-298.5000000000001,-3396.75,245605.125,False,False,False,False
2018-09-25,1376.5000000000002,-2020.25,248227.0,False,False,False,False
2018-09-26,-952.9999999999998,-2973.25,244492.375,False,False,False,False
2018-09-27,2986.25,0.0,248095.375,False,False,False,False
2018-09-28,1531.625,0.0,249129.625,False,False,False,False
2018-09-29,3689.125,0.0,252261.5,False,False,False,False
2018-09-30,647.5000000000002,0.0,250944.375,False,False,False,False
2018-10-01,3335.75,0.0,251268.375,False,False,False,False
2018-10-02,21.249999999999943,0.0,249687.375,False,False,False,False
2018-10-03,904.6249999999998,0.0,245550.0,False,False,False,False
2018-10-04,-217.37500000000017,-217.375,249169.25,False,False,False,False
2018-10-05,-2788.25,-3005.625,246080.25,False,False,False,False
2018-10-06,1079.8749999999995,-1925.75,247437.375,False,False,False,False
2018-10-07,1913.9999999999998,-11.75,249007.125,False,False,False,False
2018-10-08,1845.3750000000002,0.0,249523.625,False,False,False,False
2018-10-09,3371.75,0.0,253328.0,False,False,False,False
2018-10-10,-2196.5000000000005,-2196.5,245720.5,False,False,False,False
2018-10-11,-1287.7500000000002,-3484.25,241069.25,False,False,False,False
2018-10-12,1371.7500000000002,-2112.5,235153.875,False,False,False,False
2018-10-13,450.875,-1661.625,238993.0,False,False,False,False
2018-10-14,-246.8749999999998,-1908.5,236409.875,False,False,False,False
2018-10-15,177.87500000000034,-1730.625,238964.75,False,False,False,False
2018-10-16,977.8750000000002,-752.75,245140.875,False,False,False,False
2018-10-17,1515.625,0.0,244069.5,False,False,False,False
2018-10-18,314.3749999999999,0.0,243929.0,False,False,False,False
2018-10-19,-924.6250000000002,-924.625,244890.5,False,False,False,False
2018-10-20,-1408.2500000000005,-2332.875,239483.625,False,False,False,False
2018-10-21,-46.249999999999645,-2379.125,237020.625,False,False,False,False
2018-10-22,2385.125,0.0,238201.625,False,False,False,False
2018-10-23,1517.4999999999995,0.0,239746.375,False,False,False,False
2018-10-24,3516.1249999999995,0.0,241068.0,False,False,False,False
2018-10-25,-1531.375,-1531.375,235263.25,False,False,False,False
2018-10-26,753.1249999999998,-778.25,234195.125,False,False,False,False
2018-10-27,1200.6249999999998,0.0,231427.125,False,False,False,False
2018-10-28,1908.875,0.0,229963.25,False,False,False,False
2018-10-29,1300.125,0.0,229071.75,False,False,False,False
2018-10-30,-1600.6250000000002,-1600.625,227018.875,False,False,False,False
2018-10-31,735.2500000000005,-865.375,230578.5,False,False,False,False
2018-11-01,158.75000000000003,-706.625,230396.0,False,False,False,False
2018-11-02,469.125,-237.5,231188.0,False,False,False,False
2018-11-03,-722.1250000000001,-959.625,229355.5,False,False,False,False
2018-11-04,607.3749999999998,-352.25,228581.375,False,False,False,False
2018-11-05,252.9999999999999,-99.25,226350.625,False,False,False,False
2018-11-06,-1180.6250000000005,-1279.875,225250.875,False,False,False,False
2018-11-07,-489.3750000000002,-1769.25,225275.25,False,False,False,False
2018-11-08,97.74999999999986,-1671.5,224667.25,False,False,False,False
2018-11-09,2138.0,0.0,225278.625,False,False,False,False
2018-11-10,-650.5000000000002,-650.5,223164.875,False,False,False,False
2018-11-11,1740.375,0.0,224217.375,False,False,False,False
2018-11-12,1399.4999999999995,0.0,225721.0,False,False,False,False
2018-11-13,-863.6249999999999,-863.625,224780.625,False,False,False,False
2018-11-14,3050.0,0.0,228015.0,False,False,False,False
2018-11-15,-736.875,-736.875,227446.75,False,False,False,False
2018-11-16,305.7499999999999,-431.125,228072.75,False,False,False,False
2018-11-17,1724.5,0.0,229833.0,False,False,False,False
2018-11-18,-45.000000000000114,-45.0,230462.25,False,False,False,False
2018-11-19,1807.875,0.0,231270.375,False,False,False,False
2018-11-20,-885.7500000000002,-885.75,229732.75,False,False,False,False
2018-11-21,845.3749999999999,-40.375,230704.875,False,False,False,False
2018-11-22,402.1249999999999,0.0,230070.0,False,False,False,False
2018-11-23,555.7499999999998,0.0,230469.0,False,False,False,False
2018-11-24,-860.2500000000001,-860.25,228733.5,False,False,False,False
2018-11-25,-432.2500000000001,-1292.5,228288.125,False,False,False,False
2018-11-26,154.25000000000003,-1138.25,228600.5,False,False,False,False
2018-11-27,1839.4999999999998,0.0,229032.875,False,False,False,False
2018-11-28,-152.24999999999977,-152.25,229349.875,False,False,False,False
2018-11-29,-1531.2500000000002,-1683.5,227787.25,False,False,False,False
2018-11-30,1432.625,-250.875,230570.625,False,False,False,False
2018-12-01,-816.6250000000003,-1067.5,229980.25,False,False,False,False
2018-12-02,283.62499999999966,-783.875,230291.25,False,False,False,False
2018-12-03,1047.7500000000002,0.0,232699.125,False,False,False,False
2018-12-04,0.0,0.0,232847.875,False,False,False,False
2018-12-05,0.0,0.0,232847.875,False,False,False,False
2018-12-06,522.25,0.0,232921.75,False,False,False,False
2018-12-07,-434.1249999999999,-434.125,230865.25,False,False,False,False
2018-12-08,-1273.75,-1707.875,231569.375,False,False,False,False
2018-12-09,-5873.25,-7581.125,227828.125,False,False,False,False
2018-12-10,398.00000000000006,-7183.125,228396.375,False,False,False,False
2018-12-11,0.0,-7183.125,228203.375,False,False,False,False
2018-12-12,888.5000000000005,-6294.625,229346.25,False,False,False,False
2018-12-13,1514.125,-4780.5,230860.375,False,False,False,False
2018-12-14,889.8750000000002,-3890.625,231750.25,False,False,False,False
2018-12-15,-1484.2500000000002,-5374.875,230056.625,False,False,False,False
2018-12-16,-1485.5000000000005,-6860.375,228759.0,False,False,False,False
2018-12-17,410.2499999999997,-6450.125,229898.375,False,False,False,False
2018-12-18,-441.5000000000002,-6891.625,230543.375,False,False,False,False
2018-12-19,-1167.25,-8058.875,229039.0,False,False,False,False
2018-12-20,-263.3749999999999,-8322.25,228684.25,False,False,False,False
2018-12-21,-2409.625,-10731.875,226274.625,False,False,False,False
2018-12-22,-602.625,-11334.5,225031.25,False,False,False,False
2018-12-23,38.6250000000002,-11295.875,223576.625,False,False,False,False
2018-12-24,-62.5,-11358.375,220306.875,False,False,False,False
2018-12-25,-180.24999999999972,-11538.625,217703.375,False,False,False,False
2018-12-26,3564.0,-7974.625,222440.625,False,False,False,False
2018-12-27,1842.25,-6132.375,223873.375,False,False,False,False
2018-12-28,5054.374999999999,-1078.0,226570.75,False,False,False,False
2018-12-29,755.2499999999998,-322.75,227412.25,False,False,False,False
2018-12-30,2264.25,0.0,232838.25,False,False,False,False
2018-12-31,2782.25,0.0,236158.625,False,False,False,False
2019-01-01,4894.625,0.0,238522.0,False,False,False,False
2019-01-02,503.625,0.0,238206.75,False,False,False,False
2019-01-03,0.0,0.0,237317.75,False,False,False,False
2019-01-04,169.75000000000003,0.0,236699.75,False,False,False,False
2019-01-05,0.0,0.0,237250.75,False,False,False,False
2019-01-06,-870.0,-870.0,235207.875,False,False,False,False
2019-01-07,4037.0,0.0,238310.125,False,False,False,False
2019-01-08,-1263.0,-1263.0,236893.75,False,False,False,False
2019-01-09,230.0,-1033.0,236507.25,False,False,False,False
2019-01-10,-1453.0,-2486.0,235015.375,False,False,False,False
2019-01-11,1175.0,-1311.0,236190.375,False,False,False,False
2019-01-12,-346.75000000000017,-1657.75,236074.875,False,False,False,False
2019-01-13,1870.75,0.0,235603.25,False,False,False,False
2019-01-14,-180.25,-180.25,234339.25,False,False,False,False
2019-01-15,-188.12499999999972,-368.375,234650.75,False,False,False,False
2019-01-16,18.749999999999943,-349.625,235818.25,False,False,False,False
2019-01-17,0.0,-349.625,235901.25,False,False,False,False
2019-01-18,-152.37499999999997,-502.0,235866.5,False,False,False,False
2019-01-19,377.25,-124.75,236290.75,False,False,False,False
2019-01-20,0.0,-124.75,236290.75,False,False,False,False
2019-01-21,143.25,0.0,236720.75,False,False,False,False
2019-01-22,0.0,0.0,236375.125,False,False,False,False
2019-01-23,-518.5000000000001,-518.5,234252.625,False,False,False,False
2019-01-24,-250.0,-768.5,235989.0,False,False,False,False
2019-01-25,1829.375,0.0,237631.25,False,False,False,False
2019-01-26,559.7499999999998,0.0,237693.625,False,False,False,False
2019-01-27,-369.4999999999999,-369.5,236045.125,False,False,False,False
2019-01-28,408.75000000000006,0.0,235600.125,False,False,False,False
2019-01-29,283.625,0.0,235800.5,False,False,False,False
2019-01-30,-110.49999999999994,-110.5,235539.625,False,False,False,False
2019-01-31,0.0,-110.5,236528.375,False,False,False,False
2019-02-01,-221.74999999999994,-332.25,236062.375,False,False,False,False
2019-02-02,-352.25000000000017,-684.5,235841.375,False,False,False,False
2019-02-03,678.2500000000001,-6.25,236181.625,False,False,False,False
2019-02-04,422.5,0.0,237363.75,False,False,False,False
2019-02-05,-272.625,-272.625,237091.125,False,False,False,False
2019-02-06,221.62499999999994,-51.0,237312.75,False,False,False,False
2019-02-07,695.2500000000005,0.0,238161.875,False,False,False,False
2019-02-08,1635.0000000000002,0.0,239749.5,False,False,False,False
2019-02-09,-896.3749999999998,-896.375,239207.25,False,False,False,False
2019-02-10,-913.75,-1810.125,238323.5,False,False,False,False
2019-02-11,182.74999999999997,-1627.375,238403.5,False,False,False,False
2019-02-12,-9.874999999999886,-1637.25,237850.625,False,False,False,False
2019-02-13,1886.125,0.0,240913.625,False,False,False,False
2019-02-14,-2584.5,-2584.5,237940.25,False,False,False,False
2019-02-15,-46.1249999999998,-2630.625,237265.75,False,False,False,False
2019-02-16,3273.5,0.0,240251.25,False,False,False,False
2019-02-17,2167.0000000000005,0.0,241917.0,False,False,False,False
2019-02-18,2994.5,0.0,244146.75,False,False,False,False
2019-02-19,3550.0,0.0,247330.0,False,False,False,False
2019-02-20,358.7499999999997,0.0,246416.375,False,False,False,False
2019-02-21,963.25,0.0,247379.625,False,False,False,False
2019-02-22,787.0,0.0,248166.625,False,False,False,False
2019-02-23,456.99999999999966,0.0,248623.625,False,False,False,False
2019-02-24,1633.0,0.0,248987.125,False,False,False,False
2019-02-25,-407.25000000000006,-407.25,246738.25,False,False,False,False
2019-02-26,776.25,0.0,247514.5,False,False,False,False
2019-02-27,-718.75,-718.75,247928.75,False,False,False,False
2019-02-28,0.0,-718.75,251379.0,False,False,False,False
2019-03-01,-0.25000000000001776,-719.0,253382.75,False,False,False,False
2019-03-02,129.4999999999999,-589.5,247805.875,False,False,False,False
2019-03-03,-487.5,-1077.0,253718.75,False,False,False,False
2019-03-04,1641.125,0.0,255593.0,False,False,False,False
2019-03-05,-290.625,-290.625,255302.375,False,False,False,False
2019-03-06,-1112.625,-1403.25,253944.625,False,False,False,False
2019-03-07,42.87499999999983,-1360.375,253987.5,False,False,False,False
2019-03-08,575.875,-784.5,254563.375,False,False,False,False
2019-03-09,225.74999999999977,-558.75,255165.875,False,False,False,False
2019-03-10,15.250000000000114,-543.5,254495.875,False,False,False,False
2019-03-11,694.1250000000001,0.0,253021.25,False,False,False,False
2019-03-12,-1102.375,-1102.375,251452.25,False,False,False,False
2019-03-13,-650.1249999999999,-1752.5,249970.5,False,False,False,False
2019-03-14,108.99999999999983,-1643.5,246444.5,False,False,False,False
2019-03-15,1810.7499999999998,0.0,247205.0,False,False,False,False
2019-03-16,-3118.875,-3118.875,243216.625,False,False,False,False
2019-03-17,128.2500000000002,-2990.625,242027.5,False,False,False,False
2019-03-18,-4835.875,-7826.5,238897.25,False,False,False,False
2019-03-19,1433.5,-6393.0,239288.0,False,False,False,False
2019-03-20,1792.8749999999998,-4600.125,241500.375,False,False,False,False
2019-03-21,-1539.3750000000002,-6139.5,239961.0,False,False,False,False
2019-03-22,1553.0,-4586.5,238588.25,False,False,False,False
2019-03-23,916.3750000000002,-3670.125,237829.5,False,False,False,False
2019-03-24,355.3750000000001,-3314.75,236298.5,False,False,False,False
2019-03-25,1998.0,-1316.75,238910.5,False,False,False,False
2019-03-26,1759.0,0.0,240220.875,False,False,False,False
2019-03-27,-949.625,-949.625,242099.125,False,False,False,False
2019-03-28,-795.0,-1744.625,240907.875,False,False,False,False
2019-03-29,1881.625,0.0,242999.875,False,False,False,False
2019-03-30,-517.0,-517.0,245599.875,False,False,False,False
2019-03-31,1692.875,0.0,250963.375,False,False,False,False
2019-04-01,2720.2500000000005,0.0,254080.125,False,False,False,False
2019-04-02,-513.125,-513.125,254566.25,False,False,False,False
2019-04-03,-3420.2499999999995,-3933.375,249694.0,False,False,False,False
2019-04-04,-1956.625,-5890.0,245670.75,False,False,False,False
2019-04-05,-2624.875,-8514.875,240910.625,False,False,False,False
2019-04-06,-3034.8750000000005,-11549.75,236177.75,False,False,False,False
2019-04-07,-2240.375,-13790.125,234733.25,False,False,False,False
2019-04-08,230.62500000000003,-13559.5,237260.0,False,False,False,False
2019-04-09,5829.375,-7730.125,241989.875,False,False,False,False
2019-04-10,-602.7499999999998,-8332.875,244546.375,False,False,False,False
2019-04-11,2860.75,-5472.125,252959.75,False,False,False,False
2019-04-12,2948.0,-2524.125,262029.25,False,False,False,False
2019-04-13,3753.75,0.0,265129.875,False,False,False,False
2019-04-14,2237.625,0.0,261067.875,False,False,False,False
2019-04-15,901.1250000000001,0.0,261830.75,False,False,False,False
2019-04-16,-1728.3750000000002,-1728.375,255748.125,False,False,False,False
2019-04-17,-3016.75,-4745.125,249521.0,False,False,False,False
2019-04-18,-3076.125,-7821.25,242836.75,False,False,False,False
2019-04-19,-103.99999999999991,-7925.25,241076.875,False,False,False,False
2019-04-20,4071.25,-3854.0,241183.375,False,False,False,False
2019-04-21,2753.375,-1100.625,241384.375,False,False,False,False
2019-04-22,2003.25,0.0,240629.75,False,False,False,False
2019-04-23,685.5,0.0,238095.125,False,False,False,False
2019-04-24,-2611.375,-2611.375,234125.5,False,False,False,False
2019-04-25,2283.7499999999995,-327.625,236588.375,False,False,False,False
2019-04-26,5207.5,0.0,238787.5,False,False,False,False
2019-04-27,-61.24999999999965,-61.25,237320.625,False,False,False,False
2019-04-28,-94.12500000000004,-155.375,237895.625,False,False,False,False
2019-04-29,2374.0,0.0,244331.625,False,False,False,False
2019-04-30,-482.74999999999966,-482.75,244182.625,False,False,False,False
2019-05-01,-24.24999999999997,-507.0,244289.875,False,False,False,False
2019-05-02,1411.625,0.0,246325.375,False,False,False,False
2019-05-03,-1861.625,-1861.625,242387.75,False,False,False,False
2019-05-04,1645.1250000000002,-216.5,238457.5,False,False,False,False
2019-05-05,2239.5000000000005,0.0,236592.75,False,False,False,False
2019-05-06,416.875,0.0,232495.375,False,False,False,False
2019-05-07,1136.4999999999998,0.0,235167.75,False,False,False,False
2019-05-08,-1884.9999999999998,-1885.0,229940.125,False,False,False,False
2019-05-09,-14496.5,-16381.5,212926.5,False,False,False,False
2019-05-10,-1001.25,-17382.75,205796.375,False,False,False,False
2019-05-11,1860.25,-15522.5,207319.625,False,False,False,False
2019-05-12,3038.125,-12484.375,211693.5,False,False,False,False
2019-05-13,24.375000000000114,-12460.0,210198.0,False,False,False,False
2019-05-14,3200.0,-9260.0,210239.0,False,False,False,False
2019-05-15,1906.625,-7353.375,214958.125,False,False,False,False
2019-05-16,3901.6249999999995,-3451.75,213323.125,False,False,False,False
2019-05-17,-701.25,-4153.0,211549.375,False,False,False,False
2019-05-18,-4565.75,-8718.75,202453.375,False,False,False,False
2019-05-19,-2148.7499999999995,-10867.5,198774.875,False,False,False,False
2019-05-20,-2818.0000000000005,-13685.5,199052.75,False,False,False,False
2019-05-21,14.62500000000015,-13670.875,199139.375,False,False,False,False
2019-05-22,898.25,-12772.625,196251.375,False,False,False,False
2019-05-23,3514.875,-9257.75,201813.25,False,False,False,False
2019-05-24,24.375000000000043,-9233.375,201902.5,False,False,False,False
2019-05-25,3908.0,-5325.375,205925.625,False,False,False,False
2019-05-26,16247.0,0.0,219343.75,False,False,False,False
2019-05-27,-1553.1250000000002,-1553.125,216854.875,False,False,False,False
2019-05-28,3516.3750000000005,0.0,217845.375,False,False,False,False
2019-05-29,1622.1250000000005,0.0,218643.125,False,False,False,False
2019-05-30,-1260.5,-1260.5,223914.125,False,False,False,False
2019-05-31,-893.5000000000002,-2154.0,223704.375,False,False,False,False
2019-06-01,-2263.125,-4417.125,217854.375,False,False,False,False
2019-06-02,-1771.3750000000002,-6188.5,216618.0,False,False,False,False
2019-06-03,1345.625,-4842.875,220125.5,False,False,False,False
2019-06-04,-2408.75,-7251.625,215139.0,False,False,False,False
2019-06-05,2253.3749999999995,-4998.25,215320.125,False,False,False,False
2019-06-06,715.1249999999995,-4283.125,211444.625,False,False,False,False
2019-06-07,-2657.25,-6940.375,207538.625,False,False,False,False
2019-06-08,-3583.75,-10524.125,203571.0,False,False,False,False
2019-06-09,105.00000000000003,-10419.125,199751.125,False,False,False,False
2019-06-10,-2341.875,-12761.0,197041.5,False,False,False,False
2019-06-11,-6375.0,-19136.0,186876.875,False,False,False,False
2019-06-12,-1690.25,-20826.25,182641.75,False,False,False,False
2019-06-13,-4523.875,-25350.125,175452.625,False,False,False,False
2019-06-14,303.37500000000006,-25046.75,175893.25,False,False,False,False
2019-06-15,-1509.375,-26556.125,175705.125,False,False,False,False
2019-06-16,2292.75,-24263.375,173544.875,False,False,False,False
2019-06-17,-581.9999999999999,-24845.375,172280.375,False,False,False,False
2019-06-18,1078.6250000000002,-23766.75,170715.875,False,False,False,False
2019-06-19,-792.75,-24559.5,174899.125,False,False,False,False
2019-06-20,-318.75,-24878.25,172594.375,False,False,False,False
2019-06-21,2272.125,-22606.125,170897.5,False,False,False,False
2019-06-22,2299.125,-20307.0,170867.0,False,False,False,False
2019-06-23,-511.375,-20818.375,171766.375,False,False,False,False
2019-06-24,-15259.25,-36077.625,156181.625,False,False,False,False
2019-06-25,8972.75,-27104.875,165594.25,False,False,False,False
2019-06-26,-1866.6250000000002,-28971.5,163751.875,False,False,False,False
2019-06-27,3443.625,-25527.875,164902.0,False,False,False,False
2019-06-28,827.0,-24700.875,159406.75,False,False,False,False
2019-06-29,-3324.0,-28024.875,152976.625,False,False,False,False
2019-06-30,-1654.0,-29678.875,152308.75,False,False,False,False
2019-07-01,-5.875000000000028,-29684.75,152915.125,False,False,False,False
2019-07-02,3713.875,-25970.875,156460.125,False,False,False,False
2019-07-03,4425.0,-21545.875,158761.5,False,False,False,False
2019-07-04,2667.625,-18878.25,158094.125,False,False,False,False
2019-07-05,-1332.9999999999998,-20211.25,159049.375,False,False,False,False
2019-07-06,-2468.375,-22679.625,160814.375,False,False,False,False
2019-07-07,2614.375,-20065.25,165315.125,False,False,False,False
2019-07-08,725.7500000000005,-19339.5,165747.25,False,False,False,False
2019-07-09,2935.0,-16404.5,168864.375,False,False,False,False
2019-07-10,813.2500000000002,-15591.25,170204.75,False,False,False,False
2019-07-11,-515.625,-16106.875,165874.125,False,False,False,False
2019-07-12,-1385.2500000000002,-17492.125,166841.875,False,False,False,False
2019-07-13,1039.7499999999998,-16452.375,173082.125,False,False,False,False
2019-07-14,2748.3749999999995,-13704.0,173337.5,False,False,False,False
2019-07-15,6178.625,-7525.375,176971.375,False,False,False,False
2019-07-16,-1129.5000000000002,-8654.875,177642.375,False,False,False,False
2019-07-17,4013.5,-4641.375,182692.25,False,False,False,False
2019-07-18,441.8750000000001,-4199.5,183134.875,False,False,False,False
2019-07-19,328.375,-3871.125,180886.875,False,False,False,False
2019-07-20,1276.1250000000002,-2595.0,176985.875,False,False,False,False
2019-07-21,-1091.8750000000002,-3686.875,172830.625,False,False,False,False
2019-07-22,-143.0000000000001,-3829.875,173576.0,False,False,False,False
2019-07-23,-1469.1250000000002,-5299.0,170811.75,False,False,False,False
2019-07-24,-4478.0,-9777.0,162834.875,False,False,False,False
2019-07-25,-6894.625,-16671.625,155304.5,False,False,False,False
2019-07-26,-3702.25,-20373.875,152556.875,False,False,False,False
2019-07-27,111.50000000000014,-20262.375,152990.0,False,False,False,False
2019-07-28,-659.2500000000002,-20921.625,146651.125,False,False,False,False
2019-07-29,4121.375,-16800.25,152458.75,False,False,False,False
2019-07-30,1652.4999999999998,-15147.75,153146.875,False,False,False,False
2019-07-31,1406.3749999999998,-13741.375,150244.375,False,False,False,False
2019-08-01,1006.625,-12734.75,145882.625,False,False,False,False
2019-08-02,-2158.3749999999995,-14893.125,141853.75,False,False,False,False
2019-08-03,195.00000000000009,-14698.125,144564.5,False,False,False,False
2019-08-04,-134.74999999999977,-14832.875,146019.625,False,False,False,False
2019-08-05,1133.0000000000002,-13699.875,144685.125,False,False,False,False
2019-08-06,3914.875,-9785.0,148173.25,False,False,False,False
2019-08-07,962.125,-8822.875,149192.75,False,False,False,False
2019-08-08,-3724.375,-12547.25,141605.625,False,False,False,False
2019-08-09,-2021.0,-14568.25,137606.875,False,False,False,False
2019-08-10,-2258.0,-16826.25,136127.25,False,False,False,False
2019-08-11,-1288.4999999999998,-18114.75,129761.125,False,False,False,False
2019-08-12,2615.625,-15499.125,132208.0,False,False,False,False
2019-08-13,-5.874999999999858,-15505.0,138484.625,False,False,False,False
2019-08-14,3401.5,-12103.5,139816.75,False,False,False,False
2019-08-15,3380.125,-8723.375,144698.0,False,False,False,False
2019-08-16,-1023.4999999999998,-9746.875,141308.25,False,False,False,False
2019-08-17,-1351.125,-11098.0,138189.5,False,False,False,False
2019-08-18,1060.625,-10037.375,138057.25,False,False,False,False
2019-08-19,1554.75,-8482.625,139040.875,False,False,False,False
2019-08-20,-673.8750000000005,-9156.5,147787.25,False,False,False,False
2019-08-21,-212.00000000000003,-9368.5,146058.25,False,False,False,False
2019-08-22,607.375,-8761.125,145001.75,False,False,False,False
2019-08-23,1018.1250000000001,-7743.0,149311.875,False,False,False,False
2019-08-24,-1572.375,-9315.375,146626.625,False,False,False,False
2019-08-25,3785.125,-5530.25,145841.5,False,False,False,False
2019-08-26,-679.2499999999999,-6209.5,144958.875,False,False,False,False
2019-08-27,-6871.125,-13080.625,136219.125,False,False,False,False
2019-08-28,6342.375,-6738.25,141416.5,False,False,False,False
2019-08-29,4446.625,-2291.625,146468.25,False,False,False,False
2019-08-30,2000.6250000000002,-291.0,140814.125,False,False,False,False
2019-08-31,0.0,-291.0,136742.25,False,False,False,False
2019-09-01,2300.25,0.0,137790.75,False,False,False,False
2019-09-02,7635.5,0.0,144786.0,False,False,False,False
2019-09-03,1265.75,0.0,141900.0,False,False,False,False
2019-09-04,-1679.625,-1679.625,136855.375,False,False,False,False
2019-09-05,1450.25,-229.375,136697.5,False,False,False,False
2019-09-06,-364.4999999999999,-593.875,132909.625,False,False,False,False
2019-09-07,3001.5,0.0,134645.5,False,False,False,False
2019-09-08,-1023.0,-1023.0,135697.125,False,False,False,False
2019-09-09,4487.375,0.0,138565.625,False,False,False,False
2019-09-10,2745.5,0.0,138483.75,False,False,False,False
2019-09-11,2139.0,0.0,137809.875,False,False,False,False
2019-09-12,-409.12499999999994,-409.125,136533.5,False,False,False,False
2019-09-13,3471.5,0.0,139502.25,False,False,False,False
2019-09-14,-689.9999999999997,-690.0,136322.625,False,False,False,False
2019-09-15,1996.7500000000002,0.0,135234.125,False,False,False,False
2019-09-16,5677.500000000001,0.0,142204.25,False,False,False,False
2019-09-17,3215.75,0.0,146457.375,False,False,False,False
2019-09-18,-1015.0000000000002,-1015.0,145303.625,False,False,False,False
2019-09-19,3989.625,0.0,143504.75,False,False,False,False
2019-09-20,2752.375,0.0,151442.375,False,False,False,False
2019-09-21,-1471.2499999999995,-1471.25,148879.375,False,False,False,False
2019-09-22,-2859.375,-4330.625,146321.875,False,False,False,False
2019-09-23,-3019.375,-7350.0,142005.375,False,False,False,False
2019-09-24,-1649.5000000000002,-8999.5,140654.375,False,False,False,False
2019-09-25,2011.8750000000002,-6987.625,141289.75,False,False,False,False
2019-09-26,516.9999999999999,-6470.625,142759.75,False,False,False,False
2019-09-27,-407.37499999999955,-6878.0,139366.125,False,False,False,False
2019-09-28,731.6250000000001,-6146.375,138566.125,False,False,False,False
2019-09-29,-1818.5,-7964.875,133058.5,False,False,False,False
2019-09-30,3524.875,-4440.0,135935.875,False,False,False,False
2019-10-01,665.8750000000002,-3774.125,133266.0,False,False,False,False
2019-10-02,2611.0,-1163.125,135855.75,False,False,False,False
2019-10-03,28.50000000000003,-1134.625,134979.625,False,False,False,False
2019-10-04,-7295.5,-8430.125,127901.5,False,False,False,False
2019-10-05,-87.00000000000006,-8517.125,130602.75,False,False,False,False
2019-10-06,3389.6250000000005,-5127.5,132912.5,False,False,False,False
2019-10-07,1858.625,-3268.875,132857.125,False,False,False,False
2019-10-08,1239.3750000000002,-2029.5,132251.125,False,False,False,False
2019-10-09,509.87499999999966,-1519.625,129389.25,False,False,False,False
2019-10-10,666.375,-853.25,132252.125,False,False,False,False
2019-10-11,-1748.8749999999995,-2602.125,131791.0,False,False,False,False
2019-10-12,2365.125,-237.0,132784.375,False,False,False,False
2019-10-13,647.7499999999997,0.0,132981.25,False,False,False,False
2019-10-14,-2836.0,-2836.0,130392.125,False,False,False,False
2019-10-15,-885.9999999999994,-3722.0,129328.25,False,False,False,False
2019-10-16,-2260.125,-5982.125,126090.25,False,False,False,False
2019-10-17,-327.12500000000006,-6309.25,124247.5,False,False,False,False
2019-10-18,942.625,-5366.625,124875.75,False,False,False,False
2019-10-19,2084.5,-3282.125,127884.875,False,False,False,False
2019-10-20,1459.125,-1823.0,130752.25,False,False,False,False
2019-10-21,1412.875,-410.125,132211.375,False,False,False,False
2019-10-22,1313.6249999999998,0.0,131139.875,False,False,False,False
2019-10-23,-234.75000000000043,-234.75,129387.625,False,False,False,False
2019-10-24,-1935.3750000000002,-2170.125,123936.125,False,False,False,False
2019-10-25,-919.0000000000002,-3089.125,124548.5,False,False,False,False
2019-10-26,-2618.625,-5707.75,121176.75,False,False,False,False
2019-10-27,378.5,-5329.25,120354.625,False,False,False,False
2019-10-28,1840.75,-3488.5,120286.5,False,False,False,False
2019-10-29,2541.25,-947.25,121527.625,False,False,False,False
2019-10-30,2045.625,0.0,125173.875,False,False,False,False
2019-10-31,1863.875,0.0,126302.5,False,False,False,False
2019-11-01,232.24999999999994,0.0,126376.0,False,False,False,False
2019-11-02,-1485.375,-1485.375,124421.5,False,False,False,False
2019-11-03,487.5000000000002,-997.875,125631.125,False,False,False,False
2019-11-04,1412.9999999999998,0.0,126436.75,False,False,False,False
2019-11-05,1119.7500000000002,0.0,127303.5,False,False,False,False
2019-11-06,-389.875,-389.875,128094.25,False,False,False,False
2019-11-07,959.1250000000002,0.0,129542.75,False,False,False,False
2019-11-08,-259.0000000000001,-259.0,129186.0,False,False,False,False
2019-11-09,-1118.4999999999995,-1377.5,125929.5,False,False,False,False
2019-11-10,4563.0,0.0,131143.0,False,False,False,False
2019-11-11,1196.125,0.0,130598.75,False,False,False,False
2019-11-12,-837.1249999999999,-837.125,128362.12500000001,False,False,False,False
2019-11-13,-184.62499999999994,-1021.75,129041.12500000001,False,False,False,False
2019-11-14,-1168.375,-2190.125,124822.75,False,False,False,False
2019-11-15,-158.62499999999937,-2348.75,125401.0,False,False,False,False
2019-11-16,-687.25,-3036.0,124408.00000000001,False,False,False,False
2019-11-17,63.875000000000085,-2972.125,122747.375,False,False,False,False
2019-11-18,1871.5,-1100.625,124663.87500000001,False,False,False,False
2019-11-19,-660.5,-1761.125,122195.5,False,False,False,False
2019-11-20,-0.749999999999801,-1761.875,123080.50000000001,False,False,False,False
2019-11-21,-1190.6250000000002,-2952.5,121044.50000000001,False,False,False,False
2019-11-22,-672.25,-3624.75,119970.12500000001,False,False,False,False
2019-11-23,-805.125,-4429.875,118609.25000000001,False,False,False,False
2019-11-24,945.8749999999999,-3484.0,120415.37500000001,False,False,False,False
2019-11-25,-1378.5,-4862.5,119469.12500000001,False,False,False,False
2019-11-26,712.1250000000001,-4150.375,120027.00000000001,False,False,False,False
2019-11-27,-284.7500000000001,-4435.125,117902.75000000001,False,False,False,False
2019-11-28,-342.8749999999999,-4778.0,117712.12500000001,False,False,False,False
2019-11-29,0.0,-4778.0,119243.37500000001,False,False,False,False
2019-11-30,0.0,-4778.0,117810.75000000001,False,False,False,False
2019-12-01,670.6249999999999,-4107.375,119298.00000000001,False,False,False,False
2019-12-02,-585.9999999999999,-4693.375,118428.37500000001,False,False,False,False
2019-12-03,23.000000000000057,-4670.375,117403.62500000001,False,False,False,False
2019-12-04,2146.875,-2523.5,119550.50000000001,False,False,False,False
2019-12-05,-2378.5,-4902.0,117172.00000000001,False,False,False,False
2019-12-06,2647.375,-2254.625,119297.12500000001,False,False,False,False
2019-12-07,4958.5,0.0,124689.75000000001,False,False,False,False
2019-12-08,-2104.875,-2104.875,123858.62500000001,False,False,False,False
2019-12-09,214.12499999999991,-1890.75,129946.00000000001,False,False,False,False
2019-12-10,-3058.375,-4949.125,126489.62500000001,False,False,False,False
2019-12-11,-2839.125,-7788.25,123650.50000000001,False,False,False,False
2019-12-12,-838.6249999999999,-8626.875,121923.37500000001,False,False,False,False
2019-12-13,-2627.625,-11254.5,117781.62500000001,False,False,False,False
2019-12-14,693.0,-10561.5,117584.75000000001,False,False,False,False
2019-12-15,1832.75,-8728.75,120901.75000000001,False,False,False,False
2019-12-16,-1092.2500000000005,-9821.0,121295.00000000001,False,False,False,False
2019-12-17,68.24999999999997,-9752.75,120953.00000000001,False,False,False,False
2019-12-18,1012.25,-8740.5,122406.75000000001,False,False,False,False
2019-12-19,-612.0,-9352.5,122962.00000000001,False,False,False,False
2019-12-20,723.375,-8629.125,123948.75000000001,False,False,False,False
2019-12-21,4907.75,-3721.375,131266.125,False,False,False,False
2019-12-22,2576.5,-1144.875,134445.25,False,False,False,False
2019-12-23,-197.12500000000017,-1342.0,134209.5,False,False,False,False
2019-12-24,4795.25,0.0,139067.25,False,False,False,False
2019-12-25,1855.375,0.0,141102.875,False,False,False,False
2019-12-26,985.0,0.0,138523.875,False,False,False,False
2019-12-27,-2142.875,-2142.875,134538.75,False,False,False,False
2019-12-28,580.1249999999999,-1562.75,130064.50000000001,False,False,False,False
2019-12-29,-581.0000000000002,-2143.75,128728.25000000001,False,False,False,False
2019-12-30,1001.8750000000001,-1141.875,127465.87500000001,False,False,False,False
2019-12-31,729.5000000000002,-412.375,125413.12500000001,False,False,False,False
2020-01-01,-188.75,-601.125,120329.75000000001,False,False,False,False
2020-01-02,2484.5,0.0,122310.62500000001,False,False,False,False
2020-01-03,2828.125,0.0,125138.75000000001,False,False,False,False
2020-01-04,0.0,0.0,124969.00000000001,False,False,False,False
2020-01-05,519.8749999999999,0.0,125488.87500000001,False,False,False,False
2020-01-06,-588.7499999999999,-588.75,125770.12500000001,False,False,False,False
2020-01-07,-376.1250000000002,-964.875,121357.00000000001,False,False,False,False
2020-01-08,777.2500000000001,-187.625,123397.25000000001,False,False,False,False
2020-01-09,1067.9999999999998,0.0,124235.25000000001,False,False,False,False
2020-01-10,-2951.75,-2951.75,122736.50000000001,False,False,False,False
2020-01-11,3822.5,0.0,125384.00000000001,False,False,False,False
2020-01-12,1752.625,0.0,127483.37500000001,False,False,False,False
2020-01-13,-1391.3749999999998,-1391.375,124221.25000000001,False,False,False,False
2020-01-14,-1720.625,-3112.0,122680.87500000001,False,False,False,False
2020-01-15,-670.0,-3782.0,122199.00000000001,False,False,False,False
2020-01-16,-419.6250000000002,-4201.625,121760.62500000001,False,False,False,False
2020-01-17,508.4999999999999,-3693.125,122269.12500000001,False,False,False,False
2020-01-18,-27.124999999999943,-3720.25,122394.37500000001,False,False,False,False
2020-01-19,0.0,-3720.25,122017.12500000001,False,False,False,False
2020-01-20,381.87499999999994,-3338.375,122399.00000000001,False,False,False,False
2020-01-21,-219.00000000000003,-3557.375,122036.75000000001,False,False,False,False
2020-01-22,-460.25,-4017.625,121576.50000000001,False,False,False,False
2020-01-23,13.625000000000057,-4004.0,122108.62500000001,False,False,False,False
2020-01-24,317.5,-3686.5,122676.12500000001,False,False,False,False
2020-01-25,-1289.75,-4976.25,119557.00000000001,False,False,False,False
2020-01-26,-17.374999999999886,-4993.625,118979.87500000001,False,False,False,False
2020-01-27,-2547.875,-7541.5,116801.50000000001,False,False,False,False
2020-01-28,-14.499999999999972,-7556.0,116378.25000000001,False,False,False,False
2020-01-29,-780.6250000000001,-8336.625,115314.00000000001,False,False,False,False
2020-01-30,3126.125,-5210.5,118550.62500000001,False,False,False,False
2020-01-31,607.4999999999997,-4603.0,119158.12500000001,False,False,False,False
2020-02-01,-1216.625,-5819.625,118163.25000000001,False,False,False,False
2020-02-02,326.25,-5493.375,118841.75000000001,False,False,False,False
2020-02-03,35.625000000000114,-5457.75,118199.12500000001,False,False,False,False
2020-02-04,-968.2500000000001,-6426.0,116808.37500000001,False,False,False,False
2020-02-05,597.5,-5828.5,117678.50000000001,False,False,False,False
2020-02-06,-1503.25,-7331.75,115953.62500000001,False,False,False,False
2020-02-07,539.6250000000002,-6792.125,115798.00000000001,False,False,False,False
2020-02-08,-1288.7499999999995,-8080.875,112874.25000000001,False,False,False,False
2020-02-09,-531.0000000000001,-8611.875,113239.62500000001,False,False,False,False
2020-02-10,-2241.1249999999995,-10853.0,111912.25000000001,False,False,False,False
2020-02-11,-1835.9999999999998,-12689.0,109893.50000000001,False,False,False,False
2020-02-12,1974.375,-10714.625,111877.75000000001,False,False,False,False
2020-02-13,-960.75,-11675.375,109030.87500000001,False,False,False,False
2020-02-14,-1006.7500000000001,-12682.125,110608.62500000001,False,False,False,False
2020-02-15,-922.5,-13604.625,109732.25000000001,False,False,False,False
2020-02-16,-319.37500000000006,-13924.0,106139.37500000001,False,False,False,False
2020-02-17,2351.0,-11573.0,106323.37500000001,False,False,False,False
2020-02-18,1191.25,-10381.75,104520.12500000001,False,False,False,False
2020-02-19,-52.12500000000021,-10433.875,100918.00000000001,False,False,False,False
2020-02-20,-639.625,-11073.5,99919.62500000001,False,False,False,False
2020-02-21,19.624999999999744,-11053.875,98976.00000000001,False,False,False,False
2020-02-22,-1150.6250000000002,-12204.5,97038.37500000001,False,False,False,False
2020-02-23,1790.3749999999998,-10414.125,98371.75000000001,False,False,False,False
2020-02-24,-4014.75,-14428.875,92724.00000000001,False,False,False,False
2020-02-25,-1848.5,-16277.375,91282.75000000001,False,False,False,False
2020-02-26,-1984.3750000000002,-18261.75,88522.12500000001,False,False,False,False
2020-02-27,306.75,-17955.0,89547.62500000001,False,False,False,False
2020-02-28,3561.125,-14393.875,93108.75000000001,False,False,False,False
2020-02-29,-198.00000000000014,-14591.875,92911.00000000001,False,False,False,False
2020-03-01,150.74999999999994,-14441.125,92932.25000000001,False,False,False,False
2020-03-02,-1034.0,-15475.125,92385.75000000001,False,False,False,False
2020-03-03,-1584.375,-17059.5,89160.25000000001,False,False,False,False
2020-03-04,-741.625,-17801.125,88709.25000000001,False,False,False,False
2020-03-05,863.625,-16937.5,90685.50000000001,False,False,False,False
2020-03-06,158.3750000000001,-16779.125,90801.00000000001,False,False,False,False
2020-03-07,4683.875,-12095.25,94909.00000000001,False,False,False,False
2020-03-08,321.3749999999999,-11773.875,95004.62500000001,False,False,False,False
2020-03-09,428.62500000000006,-11345.25,95418.00000000001,False,False,False,False
2020-03-10,17.625000000000057,-11327.625,94741.50000000001,False,False,False,False
2020-03-11,-440.0000000000001,-11767.625,95403.87500000001,False,False,False,False
2020-03-12,-150.125,-11917.75,95903.87500000001,False,False,False,False
2020-03-13,1938.375,-9979.375,97733.25000000001,False,False,False,False
2020-03-14,701.2499999999999,-9278.125,96623.75000000001,False,False,False,False
2020-03-15,-1266.875,-10545.0,98475.75000000001,False,False,False,False
2020-03-16,6121.125,-4423.875,104468.62500000001,False,False,False,False
2020-03-17,1134.125,-3289.75,110438.62500000001,False,False,False,False
2020-03-18,-1071.75,-4361.5,107933.37500000001,False,False,False,False
2020-03-19,1759.0,-2602.5,107899.50000000001,False,False,False,False
2020-03-20,3605.0,0.0,113043.87500000001,False,False,False,False
2020-03-21,2446.5000000000005,0.0,113937.37500000001,False,False,False,False
2020-03-22,4795.25,0.0,117816.25000000001,False,False,False,False
2020-03-23,4582.75,0.0,122043.62500000001,False,False,False,False
2020-03-24,2814.4999999999995,0.0,122860.12500000001,False,False,False,False
2020-03-25,6854.125,0.0,127955.25000000001,False,False,False,False
2020-03-26,3469.5,0.0,132374.375,False,False,False,False
2020-03-27,1344.5,0.0,134513.875,False,False,False,False
2020-03-28,635.5,0.0,133267.75,False,False,False,False
2020-03-29,-1137.875,-1137.875,132646.875,False,False,False,False
2020-03-30,866.0,-271.875,131820.0,False,False,False,False
2020-03-31,112.37500000000009,-159.5,129212.12500000001,False,False,False,False
2020-04-01,-923.7500000000002,-1083.25,128801.50000000001,False,False,False,False
2020-04-02,737.6250000000002,-345.625,132959.375,False,False,False,False
2020-04-03,871.875,0.0,135787.875,False,False,False,False
2020-04-04,-1232.625,-1232.625,137180.125,False,False,False,False
2020-04-05,-1105.0,-2337.625,139110.0,False,False,False,False
2020-04-06,1786.125,-551.5,143136.5,False,False,False,False
2020-04-07,1424.7499999999998,0.0,144330.625,False,False,False,False
2020-04-08,4743.125,0.0,143244.375,False,False,False,False
2020-04-09,-978.2500000000003,-978.25,142868.875,False,False,False,False
2020-04-10,-1580.6249999999998,-2558.875,138427.5,False,False,False,False
2020-04-11,4340.875,0.0,139820.375,False,False,False,False
2020-04-12,-2438.125,-2438.125,133628.5,False,False,False,False
2020-04-13,1414.75,-1023.375,132805.625,False,False,False,False
2020-04-14,8374.625,0.0,140279.125,False,False,False,False
2020-04-15,3701.25,0.0,145708.75,False,False,False,False
2020-04-16,-59.000000000000384,-59.0,148666.5,False,False,False,False
2020-04-17,-499.5,-558.5,151243.125,False,False,False,False
2020-04-18,-3338.875,-3897.375,148008.25,False,False,False,False
2020-04-19,-1185.7500000000002,-5083.125,142751.25,False,False,False,False
2020-04-20,-380.0000000000002,-5463.125,139617.875,False,False,False,False
2020-04-21,-653.5000000000002,-6116.625,136961.125,False,False,False,False
2020-04-22,-3838.0,-9954.625,132437.625,False,False,False,False
2020-04-23,-2070.75,-12025.375,132978.25,False,False,False,False
2020-04-24,5448.25,-6577.125,136142.75,False,False,False,False
2020-04-25,-1320.375,-7897.5,129614.87500000001,False,False,False,False
2020-04-26,1076.1250000000002,-6821.375,130752.25000000001,False,False,False,False
2020-04-27,5744.0,-1077.375,136590.375,False,False,False,False
2020-04-28,-3348.625,-4426.0,130867.75000000001,False,False,False,False
2020-04-29,725.75,-3700.25,132076.25,False,False,False,False
2020-04-30,793.4999999999998,-2906.75,132894.0,False,False,False,False
2020-05-01,-1343.1250000000005,-4249.875,130139.25,False,False,False,False
2020-05-02,1101.7499999999998,-3148.125,133102.625,False,False,False,False
2020-05-03,-4043.75,-7191.875,127413.75,False,False,False,False
2020-05-04,313.7500000000001,-6878.125,125488.0,False,False,False,False
2020-05-05,-425.0,-7303.125,124646.125,False,False,False,False
2020-05-06,990.625,-6312.5,124500.25000000001,False,False,False,False
2020-05-07,-288.125,-6600.625,126097.125,False,False,False,False
2020-05-08,1013.6250000000001,-5587.0,141607.25,False,False,False,False
2020-05-09,-2401.625,-7988.625,140206.875,False,False,False,False
2020-05-10,0.0,-7988.625,138346.625,False,False,False,False
2020-05-11,-4627.875,-12616.5,130680.625,False,False,False,False
2020-05-12,5246.75,-7369.75,135903.0,False,False,False,False
2020-05-13,2781.0,-4588.75,135484.0,False,False,False,False
2020-05-14,138.99999999999991,-4449.75,133716.375,False,False,False,False
2020-05-15,1555.0,-2894.75,131369.75,False,False,False,False
2020-05-16,870.7499999999998,-2024.0,132941.75,False,False,False,False
2020-05-17,-1936.8750000000005,-3960.875,135570.625,False,False,False,False
2020-05-18,-861.6250000000002,-4822.5,136857.75,False,False,False,False
2020-05-19,-611.0000000000003,-5433.5,139064.75,False,False,False,False
2020-05-20,21.999999999999943,-5411.5,139072.125,False,False,False,False
2020-05-21,1796.375,-3615.125,139970.25,False,False,False,False
2020-05-22,0.0,-3615.125,136455.375,False,False,False,False
2020-05-23,0.0,-3615.125,136431.0,False,False,False,False
2020-05-24,-3023.875,-6639.0,129499.12500000001,False,False,False,False
2020-05-25,-1701.75,-8340.75,111550.375,False,False,False,False
2020-05-26,1736.75,-6604.0,114840.25000000001,False,False,False,False
2020-05-27,256.25,-6347.75,111580.125,False,False,False,False
2020-05-28,828.9999999999998,-5518.75,110787.0,False,False,False,False
2020-05-29,191.375,-5327.375,112238.875,False,False,False,False
2020-05-30,1779.7500000000002,-3547.625,114912.125,False,False,False,False
2020-05-31,-2503.875,-6051.5,114671.375,False,False,False,False
2020-06-01,-2604.3750000000005,-8655.875,113838.375,False,False,False,False
2020-06-02,-1879.0,-10534.875,110613.75,False,False,False,False
2020-06-03,2407.25,-8127.625,115429.75,False,False,False,False
2020-06-04,-1477.1250000000002,-9604.75,111699.25,False,False,False,False
2020-06-05,900.625,-8704.125,111884.75,False,False,False,False
2020-06-06,-309.9999999999999,-9014.125,114232.0,False,False,False,False
2020-06-07,466.25000000000017,-8547.875,118282.00000000001,False,False,False,False
2020-06-08,-3162.375,-11710.25,115014.625,False,False,False,False
2020-06-09,2987.8749999999995,-8722.375,120344.375,False,False,False,False
2020-06-10,1258.625,-7463.75,127978.0,False,False,False,False
2020-06-11,-2293.625,-9757.375,127374.625,False,False,False,False
2020-06-12,-2603.875,-12361.25,129294.625,False,False,False,False
2020-06-13,-1214.875,-13576.125,127776.375,False,False,False,False
2020-06-14,-219.62500000000017,-13795.75,129066.125,False,False,False,False
2020-06-15,-2079.375,-15875.125,124694.0,False,False,False,False
2020-06-16,996.875,-14878.25,126272.875,False,False,False,False
2020-06-17,2036.5,-12841.75,127230.75,False,False,False,False
2020-06-18,-3006.875,-15848.625,125016.625,False,False,False,False
2020-06-19,-1930.3749999999998,-17779.0,123405.0,False,False,False,False
2020-06-20,-168.74999999999991,-17947.75,120964.125,False,False,False,False
2020-06-21,1483.375,-16464.375,120148.375,False,False,False,False
2020-06-22,1127.75,-15336.625,121787.5,False,False,False,False
2020-06-23,-1472.0,-16808.625,135574.75,False,False,False,False
2020-06-24,-1554.1249999999998,-18362.75,125047.875,False,False,False,False
2020-06-25,-776.9999999999998,-19139.75,126137.50000000001,False,False,False,False
2020-06-26,367.3750000000002,-18772.375,123061.25,False,False,False,False
2020-06-27,1696.4999999999998,-17075.875,123930.75,False,False,False,False
2020-06-28,2803.375,-14272.5,130058.125,False,False,False,False
2020-06-29,-1334.0,-15606.5,130378.125,False,False,False,False
2020-06-30,-4373.75,-19980.25,126010.25,False,False,False,False
2020-07-01,3372.5,-16607.75,125668.875,False,False,False,False
2020-07-02,1485.625,-15122.125,122729.5,False,False,False,False
2020-07-03,3046.375,-12075.75,123108.25,False,False,False,False
2020-07-04,479.99999999999983,-11595.75,124921.24999999999,False,False,False,False
2020-07-05,190.25,-11405.5,127579.875,False,False,False,False
2020-07-06,707.7499999999999,-10697.75,125673.25,False,False,False,False
2020-07-07,2687.625,-8010.125,127635.125,False,False,False,False
2020-07-08,577.3750000000001,-7432.75,125277.5,False,False,False,False
2020-07-09,1266.9999999999995,-6165.75,125731.24999999999,False,False,False,False
2020-07-10,2489.5000000000005,-3676.25,128736.375,False,False,False,False
2020-07-11,1234.125,-2442.125,131355.75,False,False,False,False
2020-07-12,1724.875,-717.25,132040.875,False,False,False,False
2020-07-13,1827.8750000000002,0.0,131120.375,False,False,False,False
2020-07-14,79.74999999999937,0.0,125021.49999999999,False,False,False,False
2020-07-15,671.0000000000005,0.0,126822.0,False,False,False,False
2020-07-16,1733.0,0.0,124541.5,False,False,False,False
2020-07-17,4649.5,0.0,128749.125,False,False,False,False
2020-07-18,128.12500000000017,0.0,128548.875,False,False,False,False
2020-07-19,325.0,0.0,127597.75,False,False,False,False
2020-07-20,3310.25,0.0,131999.875,False,False,False,False
2020-07-21,8.875000000000043,0.0,132151.75,False,False,False,False
2020-07-22,4090.125,0.0,137711.0,False,False,False,False
2020-07-23,-82.125,-82.125,142106.875,False,False,False,False
2020-07-24,-2877.3750000000005,-2959.5,146124.125,False,False,False,False
2020-07-25,-2483.625,-5443.125,147342.75,False,False,False,False
2020-07-26,258.7500000000001,-5184.375,147490.0,False,False,False,False
2020-07-27,3671.0,-1513.375,151820.25,False,False,False,False
2020-07-28,-42.749999999999915,-1556.125,147656.125,False,False,False,False
2020-07-29,5460.875,0.0,151464.5,False,False,False,False
2020-07-30,-3059.3750000000005,-3059.375,146998.75,False,False,False,False
2020-07-31,-2062.25,-5121.625,143929.875,False,False,False,False
2020-08-01,2409.375,-2712.25,148497.625,False,False,False,False
2020-08-02,-269.125,-2981.375,148033.5,False,False,False,False
2020-08-03,3777.1249999999995,0.0,151945.375,False,False,False,False
2020-08-04,-74.25000000000006,-74.25,150738.125,False,False,False,False
2020-08-05,551.2499999999999,0.0,147374.5,False,False,False,False
2020-08-06,-237.12499999999986,-237.125,146175.25,False,False,False,False
2020-08-07,-598.9999999999998,-836.125,149300.625,False,False,False,False
2020-08-08,1224.1249999999998,0.0,152545.75,False,False,False,False
2020-08-09,-2664.75,-2664.75,152139.0,False,False,False,False
2020-08-10,-3668.375,-6333.125,149759.125,False,False,False,False
2020-08-11,-6514.625,-12847.75,140628.875,False,False,False,False
2020-08-12,7338.374999999999,-5509.375,147973.125,False,False,False,False
2020-08-13,-2018.0000000000002,-7527.375,142553.625,False,False,False,False
2020-08-14,-2125.375,-9652.75,137048.125,False,False,False,False
2020-08-15,-3768.25,-13421.0,134303.375,False,False,False,False
2020-08-16,-3018.8749999999995,-16439.875,132635.625,False,False,False,False
2020-08-17,-3387.375,-19827.25,128187.62499999999,False,False,False,False
2020-08-18,2295.375,-17531.875,128928.24999999999,False,False,False,False
2020-08-19,-2284.3750000000005,-19816.25,127317.74999999999,False,False,False,False
2020-08-20,-1821.7500000000005,-21638.0,125707.99999999999,False,False,False,False
2020-08-21,-674.75,-22312.75,124425.87499999999,False,False,False,False
2020-08-22,-469.3750000000001,-22782.125,122938.37499999999,False,False,False,False
2020-08-23,5245.5,-17536.625,129756.24999999999,False,False,False,False
2020-08-24,16140.5,-1396.125,142111.625,False,False,False,False
2020-08-25,1349.4999999999995,-46.625,144140.375,False,False,False,False
2020-08-26,310.37499999999943,0.0,151321.875,False,False,False,False
2020-08-27,8668.25,0.0,153647.75,False,False,False,False
2020-08-28,2686.2499999999995,0.0,151887.375,False,False,False,False
2020-08-29,300.74999999999994,0.0,150187.5,False,False,False,False
2020-08-30,3151.25,0.0,153338.75,False,False,False,False
2020-08-31,10943.75,0.0,161982.25,False,False,False,False
2020-09-01,2958.75,0.0,157305.5,False,False,False,False
2020-09-02,701.8750000000003,0.0,156741.625,False,False,False,False
2020-09-03,-213.87500000000006,-213.875,158207.375,False,False,False,False
2020-09-04,-1533.5000000000005,-1747.375,155223.625,False,False,False,False
2020-09-05,1248.5,-498.875,156836.625,False,False,False,False
2020-09-06,2489.5,0.0,156324.625,False,False,False,False
2020-09-07,-297.7500000000003,-297.75,157049.875,False,False,False,False
2020-09-08,-1399.25,-1697.0,151163.25,False,False,False,False
2020-09-09,2612.2500000000005,0.0,151030.0,False,False,False,False
2020-09-10,-2567.25,-2567.25,146323.75,False,False,False,False
2020-09-11,2329.375,-237.875,149062.25,False,False,False,False
2020-09-12,1929.625,0.0,147520.375,False,False,False,False
2020-09-13,-394.24999999999994,-394.25,147816.125,False,False,False,False
2020-09-14,-3839.6249999999995,-4233.875,141979.75,False,False,False,False
2020-09-15,-28476.125,-32710.0,107826.12499999999,False,False,False,False
2020-09-16,2679.0,-30031.0,107289.37499999999,False,False,False,False
2020-09-17,5883.0,-24148.0,114187.37499999999,False,False,False,False
2020-09-18,4322.125,-19825.875,114519.87499999999,False,False,False,False
2020-09-19,0.0,-19825.875,111767.49999999999,False,False,False,False
2020-09-20,1314.6249999999993,-18511.25,114553.37499999999,False,False,False,False
2020-09-21,17764.875,-746.375,135177.625,False,False,False,False
2020-09-22,1824.2500000000002,0.0,140021.25,False,False,False,False
2020-09-23,3293.8749999999995,0.0,144964.625,False,False,False,False
2020-09-24,-2624.375,-2624.375,140328.375,False,False,False,False
2020-09-25,1585.375,-1039.0,141396.75,False,False,False,False
2020-09-26,323.8749999999999,-715.125,142128.0,False,False,False,False
2020-09-27,887.6249999999999,0.0,142284.0,False,False,False,False
2020-09-28,-5931.5,-5931.5,138171.0,False,False,False,False
2020-09-29,-2178.3750000000005,-8109.875,132467.75,False,False,False,False
2020-09-30,-2496.25,-10606.125,129305.62499999999,False,False,False,False
2020-10-01,3688.125,-6918.0,130382.74999999999,False,False,False,False
2020-10-02,335.7500000000001,-6582.25,130689.99999999999,False,False,False,False
2020-10-03,-2684.875,-9267.125,135300.625,False,False,False,False
2020-10-04,-2569.75,-11836.875,132817.875,False,False,False,False
2020-10-05,3266.2499999999995,-8570.625,132694.5,False,False,False,False
2020-10-06,-272.62500000000045,-8843.25,130563.24999999999,False,False,False,False
2020-10-07,1321.9999999999998,-7521.25,130645.87499999999,False,False,False,False
2020-10-08,-6323.375,-13844.625,123812.62499999999,False,False,False,False
2020-10-09,612.8749999999999,-13231.75,123759.12499999999,False,False,False,False
2020-10-10,-104.74999999999989,-13336.5,125403.24999999999,False,False,False,False
2020-10-11,-558.7500000000001,-13895.25,122479.37499999999,False,False,False,False
2020-10-12,690.375,-13204.875,122521.99999999999,False,False,False,False
2020-10-13,-2787.125,-15992.0,122570.87499999999,False,False,False,False
2020-10-14,-1094.75,-17086.75,122362.12499999999,False,False,False,False
2020-10-15,-149.8749999999996,-17236.625,124472.37499999999,False,False,False,False
2020-10-16,3901.5,-13335.125,128700.99999999999,False,False,False,False
2020-10-17,731.1250000000002,-12604.0,128489.49999999999,False,False,False,False
2020-10-18,-1514.8750000000002,-14118.875,124890.12499999999,False,False,False,False
2020-10-19,1367.3749999999998,-12751.5,124798.37499999999,False,False,False,False
2020-10-20,369.3750000000001,-12382.125,123754.87499999999,False,False,False,False
2020-10-21,875.2499999999998,-11506.875,123316.49999999999,False,False,False,False
2020-10-22,3026.875,-8480.0,126578.12499999999,False,False,False,False
2020-10-23,-481.75000000000006,-8961.75,128031.74999999999,False,False,False,False
2020-10-24,-944.7499999999999,-9906.5,128005.99999999999,False,False,False,False
2020-10-25,2236.25,-7670.25,132860.875,False,False,False,False
2020-10-26,775.2499999999998,-6895.0,133257.625,False,False,False,False
2020-10-27,1584.3750000000002,-5310.625,133001.25,False,False,False,False
2020-10-28,443.9999999999997,-4866.625,130903.99999999999,False,False,False,False
2020-10-29,984.0000000000001,-3882.625,129842.37499999999,False,False,False,False
2020-10-30,-1784.6249999999998,-5667.25,126193.87499999999,False,False,False,False
2020-10-31,907.7500000000002,-4759.5,126869.37499999999,False,False,False,False
2020-11-01,4188.25,-571.25,132543.0,False,False,False,False
2020-11-02,1946.875,0.0,134002.375,False,False,False,False
2020-11-03,-737.7499999999998,-737.75,131851.625,False,False,False,False
2020-11-04,27.749999999999943,-710.0,130759.62499999999,False,False,False,False
2020-11-05,-202.25,-912.25,130947.25,False,False,False,False
2020-11-06,-349.875,-1262.125,129638.24999999999,False,False,False,False
2020-11-07,-1027.1250000000002,-2289.25,128870.12499999999,False,False,False,False
2020-11-08,-3227.2500000000005,-5516.5,126761.37499999999,False,False,False,False
2020-11-09,-2649.9999999999995,-8166.5,119548.37499999999,False,False,False,False
2020-11-10,4306.5,-3860.0,122658.74999999999,False,False,False,False
2020-11-11,1931.875,-1928.125,125427.74999999999,False,False,False,False
2020-11-12,-453.3749999999999,-2381.5,125158.99999999999,False,False,False,False
2020-11-13,2213.2500000000005,-168.25,128540.62499999999,False,False,False,False
2020-11-14,370.6250000000002,0.0,129069.87499999999,False,False,False,False
2020-11-15,7290.5,0.0,137047.625,False,False,False,False
2020-11-16,714.0000000000002,0.0,137697.75,False,False,False,False
2020-11-17,-593.5000000000001,-593.5,135232.75,False,False,False,False
2020-11-18,425.875,-167.625,136319.125,False,False,False,False
2020-11-19,1988.125,0.0,138308.0,False,False,False,False
2020-11-20,2625.625,0.0,142124.25,False,False,False,False
2020-11-21,1976.25,0.0,144772.75,False,False,False,False
2020-11-22,3549.9999999999995,0.0,149127.875,False,False,False,False
2020-11-23,2775.625,0.0,150957.625,False,False,False,False
2020-11-24,-63.87500000000023,-63.875,152272.25,False,False,False,False
2020-11-25,2247.375,0.0,153807.5,False,False,False,False
2020-11-26,-315.25,-315.25,153777.0,False,False,False,False
2020-11-27,-121.37500000000009,-436.625,153998.5,False,False,False,False
2020-11-28,-1123.0,-1559.625,152875.5,False,False,False,False
2020-11-29,-891.25,-2450.875,151984.25,False,False,False,False
2020-11-30,6462.5,0.0,157776.125,False,False,False,False
2020-12-01,-2772.0,-2772.0,155590.125,False,False,False,False
2020-12-02,-6428.5,-9200.5,149138.625,False,False,False,False
2020-12-03,220.375,-8980.125,147212.125,False,False,False,False
2020-12-04,1679.3749999999998,-7300.75,151270.0,False,False,False,False
2020-12-05,1064.2499999999998,-6236.5,149686.875,False,False,False,False
2020-12-06,0.0,-6236.5,144728.375,False,False,False,False
2020-12-07,-309.50000000000006,-6546.0,146523.75,False,False,False,False
2020-12-08,1416.75,-5129.25,147726.375,False,False,False,False
2020-12-09,1325.75,-3803.5,152110.5,False,False,False,False
2020-12-10,3766.125,-37.375,158715.75,False,False,False,False
2020-12-11,1074.8750000000002,0.0,160629.25,False,False,False,False
2020-12-12,280.875,0.0,163537.75,False,False,False,False
2020-12-13,129.37499999999972,0.0,162974.125,False,False,False,False
2020-12-14,222.7499999999999,0.0,161364.125,False,False,False,False
2020-12-15,1621.8749999999995,0.0,164078.25,False,False,False,False
2020-12-16,-495.8749999999999,-495.875,163514.125,False,False,False,False
2020-12-17,-80.87500000000037,-576.75,162421.0,False,False,False,False
2020-12-18,489.00000000000006,-87.75,163522.0,False,False,False,False
2020-12-19,1043.375,0.0,163842.0,False,False,False,False
2020-12-20,-1676.625,-1676.625,157257.625,False,False,False,False
2020-12-21,-2171.125,-3847.75,152510.0,False,False,False,False
2020-12-22,48.25000000000017,-3799.5,152755.375,False,False,False,False
2020-12-23,473.6249999999998,-3325.875,148433.75,False,False,False,False
2020-12-24,-1135.5000000000005,-4461.375,145442.875,False,False,False,False
2020-12-25,-2176.375,-6637.75,142281.5,False,False,False,False
2020-12-26,-199.125,-6836.875,144225.25,False,False,False,False
2020-12-27,2088.625000000001,-4748.25,145733.75,False,False,False,False
2020-12-28,-773.4999999999998,-5521.75,145541.25,False,False,False,False
2020-12-29,-5483.25,-11005.0,139056.125,False,False,False,False
2020-12-30,1972.125,-9032.875,140298.75,False,False,False,False
2020-12-31,-820.8750000000002,-9853.75,139666.625,False,False,False,False
2021-01-01,-1362.5,-11216.25,135819.625,False,False,False,False
2021-01-02,-569.2500000000002,-11785.5,132422.25,False,False,False,False
2021-01-03,321.2500000000001,-11464.25,132743.5,False,False,False,False
2021-01-04,277.625,-11186.625,132501.25,False,False,False,False
2021-01-05,-998.75,-12185.375,132091.25,False,False,False,False
2021-01-06,461.87500000000006,-11723.5,132929.25,False,False,False,False
2021-01-07,-1013.125,-12736.625,131138.875,False,False,False,False
2021-01-08,401.8749999999999,-12334.75,130472.74999999999,False,False,False,False
2021-01-09,-340.625,-12675.375,133083.875,False,False,False,False
2021-01-10,2325.375,-10350.0,131586.75,False,False,False,False
2021-01-11,2836.1249999999995,-7513.875,132670.25,False,False,False,False
2021-01-12,0.0,-7513.875,134061.625,False,False,False,False
2021-01-13,953.7499999999999,-6560.125,136735.99999999997,False,False,False,False
2021-01-14,3456.25,-3103.875,140862.25,False,False,False,False
2021-01-15,379.37499999999994,-2724.5,141661.24999999997,False,False,False,False
2021-01-16,1159.375,-1565.125,142312.125,False,False,False,False
2021-01-17,483.3750000000001,-1081.75,142822.625,False,False,False,False
2021-01-18,-134.50000000000023,-1216.25,142688.12499999997,False,False,False,False
2021-01-19,386.75,-829.5,142692.99999999997,False,False,False,False
2021-01-20,-986.875,-1816.375,141925.12499999997,False,False,False,False
2021-01-21,-1426.25,-3242.625,140959.125,False,False,False,False
2021-01-22,-123.00000000000011,-3365.625,140822.49999999997,False,False,False,False
2021-01-23,-908.2500000000002,-4273.875,139596.74999999997,False,False,False,False
2021-01-24,-186.87500000000006,-4460.75,140699.62499999997,False,False,False,False
2021-01-25,933.875,-3526.875,141650.87499999997,False,False,False,False
2021-01-26,0.0,-3526.875,144198.74999999997,False,False,False,False
2021-01-27,-35.249999999999915,-3562.125,144177.99999999997,False,False,False,False
2021-01-28,0.0,-3562.125,144958.62499999997,False,False,False,False
2021-01-29,-978.125,-4540.25,140854.37499999997,False,False,False,False
2021-01-30,2136.25,-2404.0,142383.12499999997,False,False,False,False
2021-01-31,-106.25,-2510.25,143493.49999999997,False,False,False,False
2021-02-01,-120.00000000000003,-2630.25,143047.24999999997,False,False,False,False
2021-02-02,-2036.2500000000002,-4666.5,140975.37499999997,False,False,False,False
2021-02-03,-1523.7500000000005,-6190.25,140419.87499999997,False,False,False,False
2021-02-04,-907.25,-7097.5,138915.12499999997,False,False,False,False
2021-02-05,4946.5,-2151.0,145364.87499999997,False,False,False,False
2021-02-06,884.7500000000003,-1266.25,145709.99999999997,False,False,False,False
2021-02-07,2702.25,0.0,149700.99999999997,False,False,False,False
2021-02-08,-1700.125,-1700.125,148531.87499999997,False,False,False,False
2021-02-09,-1264.75,-2964.875,149508.24999999997,False,False,False,False
2021-02-10,-6.874999999999943,-2971.75,151337.37499999997,False,False,False,False
2021-02-11,-8.000000000000256,-2979.75,149354.99999999997,False,False,False,False
2021-02-12,328.8749999999993,-2650.875,150644.62499999997,False,False,False,False
2021-02-13,-1927.5,-4578.375,149723.87499999997,False,False,False,False
2021-02-14,-1368.75,-5947.125,149277.62499999997,False,False,False,False
2021-02-15,-128.1250000000001,-6075.25,149468.87499999997,False,False,False,False
2021-02-16,3350.0,-2725.25,150467.87499999997,False,False,False,False
2021-02-17,1171.2499999999998,-1554.0,150447.87499999997,False,False,False,False
2021-02-18,-70.74999999999994,-1624.75,150429.24999999997,False,False,False,False
2021-02-19,1578.125,-46.625,152646.99999999997,False,False,False,False
2021-02-20,-181.875,-228.5,152445.49999999997,False,False,False,False
2021-02-21,1559.0000000000007,0.0,155155.12499999997,False,False,False,False
2021-02-22,999.3750000000001,0.0,154364.12499999997,False,False,False,False
2021-02-23,869.4999999999999,0.0,159248.37499999997,False,False,False,False
2021-02-24,1913.75,0.0,163010.62499999997,False,False,False,False
2021-02-25,-331.2500000000001,-331.25,164663.74999999997,False,False,False,False
2021-02-26,507.49999999999994,0.0,164864.49999999997,False,False,False,False
2021-02-27,534.375,0.0,161837.74999999997,False,False,False,False
2021-02-28,2096.0,0.0,164131.74999999997,False,False,False,False
2021-03-01,-2016.0000000000007,-2016.0,161964.99999999997,False,False,False,False
2021-03-02,-2751.875,-4767.875,160247.12499999997,False,False,False,False
2021-03-03,-78.12500000000006,-4846.0,161753.37499999997,False,False,False,False
2021-03-04,-2083.875,-6929.875,160411.12499999997,False,False,False,False
2021-03-05,-803.1249999999997,-7733.0,158744.37499999997,False,False,False,False
2021-03-06,-3462.875,-11195.875,155123.12499999997,False,False,False,False
2021-03-07,8498.875,-2697.0,158938.12499999997,False,False,False,False
2021-03-08,893.1249999999998,-1803.875,159509.87499999997,False,False,False,False
2021-03-09,302.7499999999998,-1501.125,159383.99999999997,False,False,False,False
2021-03-10,-1920.875,-3422.0,157445.49999999997,False,False,False,False
2021-03-11,491.24999999999983,-2930.75,158376.74999999997,False,False,False,False
2021-03-12,-490.75000000000006,-3421.5,158036.12499999997,False,False,False,False
2021-03-13,-1597.0000000000002,-5018.5,154500.74999999997,False,False,False,False
2021-03-14,4768.875,-249.625,158568.37499999997,False,False,False,False
2021-03-15,4240.499999999999,0.0,164075.74999999997,False,False,False,False
2021-03-16,4550.125,0.0,162504.74999999997,False,False,False,False
2021-03-17,-2435.5000000000005,-2435.5,158935.12499999997,False,False,False,False
2021-03-18,1609.75,-825.75,161616.62499999997,False,False,False,False
2021-03-19,2833.5000000000005,0.0,162691.12499999997,False,False,False,False
2021-03-20,1214.125,0.0,160300.24999999997,False,False,False,False
2021-03-21,-509.5,-509.5,157344.24999999997,False,False,False,False
2021-03-22,1515.125,0.0,154064.12499999997,False,False,False,False
2021-03-23,-416.87499999999983,-416.875,149064.49999999997,False,False,False,False
2021-03-24,2106.0000000000005,0.0,148355.99999999997,False,False,False,False
2021-03-25,1495.4999999999998,0.0,142997.37499999997,False,False,False,False
2021-03-26,618.7499999999995,0.0,140146.62499999997,False,False,False,False
2021-03-27,1508.3750000000002,0.0,140310.49999999997,False,False,False,False
2021-03-28,-397.87500000000006,-397.875,139277.12499999997,False,False,False,False
2021-03-29,-528.8749999999999,-926.75,139886.12499999997,False,False,False,False
2021-03-30,-907.25,-1834.0,138112.87499999997,False,False,False,False
2021-03-31,2582.5,0.0,140582.99999999997,False,False,False,False
2021-04-01,-1641.8749999999998,-1641.875,139864.87499999997,False,False,False,False
2021-04-02,-1153.2500000000002,-2795.125,137973.99999999997,False,False,False,False
2021-04-03,3259.0,0.0,140361.12499999997,False,False,False,False
2021-04-04,867.2499999999998,0.0,142460.99999999997,False,False,False,False
2021-04-05,-1025.9999999999998,-1026.0,142539.99999999997,False,False,False,False
2021-04-06,-1183.1249999999998,-2209.125,139570.74999999997,False,False,False,False
2021-04-07,-13359.0,-15568.125,124786.99999999999,False,False,False,False
2021-04-08,3298.375,-12269.75,123342.24999999999,False,False,False,False
2021-04-09,-922.6250000000001,-13192.375,123397.87499999999,False,False,False,False
2021-04-10,-3401.6250000000005,-16594.0,121576.87499999999,False,False,False,False
2021-04-11,-364.99999999999983,-16959.0,116870.99999999999,False,False,False,False
2021-04-12,-16766.0,-33725.0,102543.12499999999,False,False,False,False
2021-04-13,-6865.25,-40590.25,94263.12499999999,False,False,False,False
2021-04-14,13644.874999999998,-26945.375,99533.37499999999,False,False,False,False
2021-04-15,2920.625,-24024.75,98752.74999999999,False,False,False,False
2021-04-16,-2353.875,-26378.625,96457.87499999999,False,False,False,False
2021-04-17,-356.37500000000017,-26735.0,96600.99999999999,False,False,False,False
2021-04-18,6611.0,-20124.0,106550.87499999999,False,False,False,False
2021-04-19,6211.875,-13912.125,113948.49999999999,False,False,False,False
2021-04-20,2142.9999999999995,-11769.125,116471.49999999999,False,False,False,False
2021-04-21,-1201.75,-12970.875,115923.24999999999,False,False,False,False
2021-04-22,-1115.0000000000002,-14085.875,118646.24999999999,False,False,False,False
2021-04-23,1421.875,-12664.0,122138.87499999999,False,False,False,False
2021-04-24,-449.3749999999999,-13113.375,116241.24999999999,False,False,False,False
2021-04-25,1892.875,-11220.5,119454.49999999999,False,False,False,False
2021-04-26,1726.0000000000002,-9494.5,120104.37499999999,False,False,False,False
2021-04-27,67.50000000000011,-9427.0,114427.87499999999,False,False,False,False
2021-04-28,-2988.1250000000005,-12415.125,114788.37499999999,False,False,False,False
2021-04-29,-2988.75,-15403.875,111073.87499999999,False,False,False,False
2021-04-30,-819.0000000000002,-16222.875,109461.37499999999,False,False,False,False
2021-05-01,-1949.875,-18172.75,108854.62499999999,False,False,False,False
2021-05-02,-2860.5,-21033.25,104892.37499999999,False,False,False,False
2021-05-03,1574.3750000000002,-19458.875,110510.49999999999,False,False,False,False
2021-05-04,-1660.0,-21118.875,108536.74999999999,False,False,False,False
2021-05-05,-1256.6249999999998,-22375.5,107705.12499999999,False,False,False,False
2021-05-06,-5988.375,-28363.875,100726.12499999999,False,False,False,False
2021-05-07,1887.9999999999998,-26475.875,102902.24999999999,False,False,False,False
2021-05-08,-1216.25,-27692.125,100672.37499999999,False,False,False,False
2021-05-09,2369.8749999999995,-25322.25,105443.87499999999,False,False,False,False
2021-05-10,1909.2500000000002,-23413.0,107353.12499999999,False,False,False,False
2021-05-11,7199.0,-16214.0,119179.99999999999,False,False,False,False
2021-05-12,8453.0,-7761.0,122386.24999999997,False,False,False,False
2021-05-13,-521.7499999999991,-8282.75,119083.49999999999,False,False,False,False
2021-05-14,-12251.5,-20534.25,106692.99999999997,False,False,False,False
2021-05-15,-4778.75,-25313.0,100359.24999999997,False,False,False,False
2021-05-16,-1398.5,-26711.5,98089.99999999997,False,False,False,False
2021-05-17,-4311.875,-31023.375,95714.99999999997,False,False,False,False
2021-05-18,5631.124999999999,-25392.25,102207.74999999997,False,False,False,False
2021-05-19,2923.9999999999995,-22468.25,105742.74999999997,False,False,False,False
2021-05-20,2246.4999999999995,-20221.75,107967.24999999997,False,False,False,False
2021-05-21,-3025.0,-23246.75,103145.87499999997,False,False,False,False
2021-05-22,-815.5,-24062.25,102330.37499999997,False,False,False,False
2021-05-23,4836.0,-19226.25,107166.37499999997,False,False,False,False
2021-05-24,7865.75,-11360.5,118055.99999999997,False,False,False,False
2021-05-25,-3285.25,-14645.75,116472.49999999997,False,False,False,False
2021-05-26,521.2499999999997,-14124.5,115256.99999999997,False,False,False,False
2021-05-27,7431.25,-6693.25,122431.99999999997,False,False,False,False
2021-05-28,6537.375,-155.875,128140.37499999997,False,False,False,False
2021-05-29,4496.75,0.0,132445.74999999997,False,False,False,False
2021-05-30,2140.8750000000005,0.0,132806.87499999997,False,False,False,False
2021-05-31,-806.4999999999997,-806.5,134504.24999999997,False,False,False,False
2021-06-01,5551.875,0.0,142660.49999999997,False,False,False,False
2021-06-02,-1357.3749999999998,-1357.375,143182.12499999997,False,False,False,False
2021-06-03,8988.5,0.0,149763.37499999997,False,False,False,False
2021-06-04,2829.375,0.0,154069.87499999997,False,False,False,False
2021-06-05,3822.5000000000005,0.0,156991.74999999997,False,False,False,False
2021-06-06,6292.5,0.0,163594.24999999997,False,False,False,False
2021-06-07,6032.0,0.0,169159.99999999997,False,False,False,False
2021-06-08,-3129.7500000000005,-3129.75,169192.62499999997,False,False,False,False
2021-06-09,-651.3750000000002,-3781.125,165553.37499999997,False,False,False,False
2021-06-10,14.250000000000114,-3766.875,164308.99999999997,False,False,False,False
2021-06-11,413.8750000000001,-3353.0,167016.49999999997,False,False,False,False
2021-06-12,-2676.75,-6029.75,166943.62499999997,False,False,False,False
2021-06-13,2634.375,-3395.375,170792.87499999997,False,False,False,False
2021-06-14,-3141.375,-6536.75,167871.12499999997,False,False,False,False
2021-06-15,-3025.5,-9562.25,166924.99999999997,False,False,False,False
2021-06-16,-4852.250000000001,-14414.5,161075.87499999997,False,False,False,False
2021-06-17,-1353.125000000001,-15767.625,157686.24999999997,False,False,False,False
2021-06-18,-1093.1250000000002,-16860.75,159599.99999999997,False,False,False,False
2021-06-19,-4459.375,-21320.125,157070.99999999997,False,False,False,False
2021-06-20,5131.625000000001,-16188.5,162371.37499999997,False,False,False,False
2021-06-21,4646.25,-11542.25,165534.24999999997,False,False,False,False
2021-06-22,11187.25,-355.0,175593.74999999997,False,False,False,False
2021-06-23,3890.7499999999995,0.0,180956.49999999997,False,False,False,False
2021-06-24,-3498.0000000000005,-3498.0,179012.62499999997,False,False,False,False
2021-06-25,-994.2500000000001,-4492.25,178795.37499999997,False,False,False,False
2021-06-26,-1841.8750000000002,-6334.125,176586.12499999997,False,False,False,False
2021-06-27,280.24999999999955,-6053.875,175169.87499999997,False,False,False,False
2021-06-28,-14676.875,-20730.75,157689.62499999997,False,False,False,False
2021-06-29,3655.75,-17075.0,162679.37499999997,False,False,False,False
2021-06-30,3064.375,-14010.625,170117.49999999997,False,False,False,False
2021-07-01,-475.74999999999994,-14486.375,166269.24999999997,False,False,False,False
2021-07-02,-8.375000000000057,-14494.75,164775.24999999997,False,False,False,False
2021-07-03,-12.999999999999716,-14507.75,161715.87499999997,False,False,False,False
2021-07-04,6088.125,-8419.625,167323.99999999997,False,False,False,False
2021-07-05,1114.8749999999995,-7304.75,168248.62499999997,False,False,False,False
2021-07-06,-2562.0,-9866.75,164978.87499999997,False,False,False,False
2021-07-07,485.7500000000001,-9381.0,162776.99999999997,False,False,False,False
2021-07-08,-6663.75,-16044.75,155535.87499999997,False,False,False,False
2021-07-09,-7700.0,-23744.75,146568.87499999997,False,False,False,False
2021-07-10,-3564.375,-27309.125,140514.99999999997,False,False,False,False
2021-07-11,-1699.2500000000002,-29008.375,137581.62499999997,False,False,False,False
2021-07-12,3947.75,-25060.625,139804.49999999997,False,False,False,False
2021-07-13,348.12499999999955,-24712.5,138324.74999999997,False,False,False,False
2021-07-14,57.374999999999545,-24655.125,138302.37499999997,False,False,False,False
2021-07-15,218.24999999999966,-24436.875,137849.62499999997,False,False,False,False
2021-07-16,-3742.2500000000005,-28179.125,132374.37499999997,False,False,False,False
2021-07-17,1478.75,-26700.375,129203.62499999997,False,False,False,False
2021-07-18,-5145.0,-31845.375,123930.49999999997,False,False,False,False
2021-07-19,-4907.875,-36753.25,118697.62499999997,False,False,False,False
2021-07-20,-6925.625,-43678.875,108461.74999999997,False,False,False,False
2021-07-21,-6370.25,-50049.125,102082.62499999997,False,False,False,False
2021-07-22,-7564.749999999999,-57613.875,90427.74999999997,False,False,False,False
2021-07-23,3084.5000000000005,-54529.375,93594.37499999997,False,False,False,False
2021-07-24,12938.875,-41590.5,109410.62499999999,False,False,False,False
2021-07-25,3790.25,-37800.25,115684.49999999999,False,False,False,False
2021-07-26,7551.125000000001,-30249.125,122976.87499999999,False,False,False,False
2021-07-27,6484.875,-23764.25,125790.74999999999,False,False,False,False
2021-07-28,-1936.8750000000002,-25701.125,123896.62499999999,False,False,False,False
2021-07-29,1807.8750000000007,-23893.25,120243.62499999997,False,False,False,False
2021-07-30,4748.125,-19145.125,128051.12499999999,False,False,False,False
2021-07-31,-2359.3750000000005,-21504.5,127753.99999999999,False,False,False,False
2021-08-01,2792.5,-18712.0,128137.12499999999,False,False,False,False
2021-08-02,15779.25,-2932.75,144185.5,False,False,False,False
2021-08-03,6239.5,0.0,146647.875,False,False,False,False
2021-08-04,-992.6249999999999,-992.625,145729.5,False,False,False,False
2021-08-05,-129.37500000000045,-1122.0,145048.875,False,False,False,False
2021-08-06,-745.7499999999998,-1867.75,144540.25,False,False,False,False
2021-08-07,-981.8750000000005,-2849.625,144157.375,False,False,False,False
2021-08-08,-3794.9999999999995,-6644.625,139138.25,False,False,False,False
2021-08-09,-363.2499999999998,-7007.875,141439.75,False,False,False,False
2021-08-10,4080.0000000000005,-2927.875,149188.125,False,False,False,False
2021-08-11,383.3749999999999,-2544.5,156086.125,False,False,False,False
2021-08-12,511.12499999999994,-2033.375,149258.875,False,False,False,False
2021-08-13,-150.8750000000001,-2184.25,151126.0,False,False,False,False
2021-08-14,2480.7499999999995,0.0,155732.125,False,False,False,False
2021-08-15,1720.2499999999995,0.0,161220.625,False,False,False,False
2021-08-16,-1892.1249999999998,-1892.125,162347.375,False,False,False,False
2021-08-17,-9.375,-1901.5,165725.375,False,False,False,False
2021-08-18,1356.25,-545.25,164786.25,False,False,False,False
2021-08-19,2834.875000000001,0.0,169905.5,False,False,False,False
2021-08-20,-4509.625000000001,-4509.625,167217.625,False,False,False,False
2021-08-21,-5946.25,-10455.875,161946.125,False,False,False,False
2021-08-22,-385.5000000000002,-10841.375,162030.0,False,False,False,False
2021-08-23,-1530.875,-12372.25,155253.625,False,False,False,False
2021-08-24,8981.75,-3390.5,148094.875,False,False,False,False
2021-08-25,-3346.1249999999995,-6736.625,143399.25,False,False,False,False
2021-08-26,-3149.625,-9886.25,139939.25,False,False,False,False
2021-08-27,328.75000000000057,-9557.5,131599.75,False,False,False,False
2021-08-28,6462.5,-3095.0,135376.0,False,False,False,False
2021-08-29,2677.250000000001,-417.75,137752.5,False,False,False,False
2021-08-30,-4046.8749999999995,-4464.625,130554.375,False,False,False,False
2021-08-31,-10074.5,-14539.125,109536.125,False,False,False,False
2021-09-01,-6187.25,-20726.375,100390.125,False,False,False,False
2021-09-02,-2287.5000000000005,-23013.875,97400.74999999999,False,False,False,False
2021-09-03,3785.6249999999995,-19228.25,101400.24999999999,False,False,False,False
2021-09-04,-2530.6249999999995,-21758.875,100403.12499999999,False,False,False,False
2021-09-05,1019.3749999999997,-20739.5,100173.99999999999,False,False,False,False
2021-09-06,63599.5,0.0,161284.0,False,False,False,False
2021-09-07,-110249.5,-110249.5,51332.25,True,False,False,True
2021-09-08,-33775.0,-144024.5,18956.5,False,False,False,False
2021-09-09,-406495.25,-550519.75,-390151.0,True,True,True,True
2021-09-10,31887.5,-518632.25,-355696.25,False,True,True,False
2021-09-11,4311.75,-514320.5,-353713.875,False,True,True,False
2021-09-12,25951.25,-488369.25,-329692.25,False,True,True,False
2021-09-13,55782.875,-432586.375,-273515.125,False,True,True,False
2021-09-14,141489.875,-291096.5,-128185.625,False,True,True,False
2021-09-15,102982.5,-188114.0,3273.0,False,True,False,False
2021-09-16,186086.125,-2027.875,186680.125,False,False,False,False
2021-09-17,22370.125,0.0,203167.25,False,False,False,False
2021-09-18,-4659.375,-4659.375,194185.75,False,False,False,False
2021-09-19,14940.625,0.0,209126.375,False,False,False,False
2021-09-20,76198.625,0.0,284010.375,False,False,False,False
2021-09-21,2560.0,0.0,268805.5,False,False,False,False
2021-09-22,1653.875,0.0,268635.125,False,False,False,False
2021-09-23,6630.25,0.0,271971.5,False,False,False,False
2021-09-24,5478.75,0.0,280074.625,False,False,False,False
2021-09-25,-9351.5,-9351.5,269137.75,False,False,False,False
2021-09-26,4316.375,-5035.125,273130.25,False,False,False,False
2021-09-27,12215.5,0.0,284458.125,False,False,False,False
2021-09-28,-6428.75,-6428.75,283960.875,False,False,False,False
2021-09-29,6157.875,-270.875,292297.125,False,False,False,False
2021-09-30,2149.5,0.0,296942.875,False,False,False,False
2021-10-01,-2631.25,-2631.25,290623.5,False,False,False,False
2021-10-02,1487.5,-1143.75,291775.25,False,False,False,False
2021-10-03,11442.0,0.0,305902.125,False,False,False,False
2021-10-04,21518.125,0.0,329990.0,False,False,False,False
2021-10-05,3575.75,0.0,330299.5,False,False,False,False
2021-10-06,15682.875,0.0,346255.0,False,False,False,False
2021-10-07,17105.625,0.0,362038.625,False,False,False,False
2021-10-08,23475.0,0.0,391837.0,False,False,False,False
2021-10-09,21283.125,0.0,412507.25,False,False,False,False
2021-10-10,8774.375,0.0,421386.375,False,False,False,False
2021-10-11,19748.0,0.0,441693.125,False,False,False,False
2021-10-12,30629.375,0.0,471632.125,False,False,False,False
2021-10-13,2338.9999999999986,0.0,476758.25,False,False,False,False
2021-10-14,3792.0,0.0,481645.0,False,False,False,False
2021-10-15,49120.5,0.0,530915.375,False,False,False,False
2021-10-16,12209.25,0.0,539223.125,False,False,False,False
2021-10-17,5876.625,0.0,544368.625,False,False,False,False
2021-10-18,2904.249999999999,0.0,548787.75,False,False,False,False
2021-10-19,6168.75,0.0,553589.125,False,False,False,False
2021-10-20,-384.8749999999999,-384.875,552834.875,False,False,False,False
2021-10-21,2451.875,0.0,554411.5,False,False,False,False
2021-10-22,-1387.0000000000011,-1387.0,549997.625,False,False,False,False
2021-10-23,3078.75,0.0,553558.125,False,False,False,False
2021-10-24,6330.5,0.0,560833.375,False,False,False,False
2021-10-25,15879.375,0.0,574476.5,False,False,False,False
2021-10-26,11510.25,0.0,585211.5,False,False,False,False
2021-10-27,-3798.7499999999995,-3798.75,579828.375,False,False,False,False
2021-10-28,-1599.7500000000007,-5398.5,577784.625,False,False,False,False
2021-10-29,16354.75,0.0,593155.375,False,False,False,False
2021-10-30,7081.250000000001,0.0,602021.25,False,False,False,False
2021-10-31,4574.0,0.0,605687.5,False,False,False,False
2021-11-01,2532.5000000000005,0.0,604031.75,False,False,False,False
2021-11-02,775.8750000000005,0.0,602860.75,False,False,False,False
2021-11-03,-3949.625000000001,-3949.625,599648.875,False,False,False,False
2021-11-04,-4006.0000000000005,-7955.625,595615.125,False,False,False,False
2021-11-05,168.87500000000023,-7786.75,595986.25,False,False,False,False
2021-11-06,1117.625,-6669.125,597453.75,False,False,False,False
2021-11-07,-2400.0000000000005,-9069.125,596080.875,False,False,False,False
2021-11-08,-5348.375000000001,-14417.5,593959.75,False,False,False,False
2021-11-09,-369.74999999999994,-14787.25,596240.0,False,False,False,False
2021-11-10,-4023.0,-18810.25,587910.5,False,False,False,False
2021-11-11,-5602.75,-24413.0,580375.875,False,False,False,False
2021-11-12,-430.00000000000045,-24843.0,580399.25,False,False,False,False
2021-11-13,-399.8749999999998,-25242.875,577786.125,False,False,False,False
2021-11-14,3685.7500000000005,-21557.125,581101.25,False,False,False,False
2021-11-15,4609.375,-16947.75,578420.125,False,False,False,False
2021-11-16,9362.75,-7585.0,587068.875,False,False,False,False
2021-11-17,-577.5,-8162.5,587084.875,False,False,False,False
2021-11-18,5719.375,-2443.125,592378.375,False,False,False,False
2021-11-19,6495.125,0.0,596885.375,False,False,False,False
2021-11-20,2689.375,0.0,596949.125,False,False,False,False
2021-11-21,-769.1249999999998,-769.125,594203.75,False,False,False,False
2021-11-22,4475.75,0.0,595129.5,False,False,False,False
2021-11-23,5290.0,0.0,597643.875,False,False,False,False
2021-11-24,-29521.875,-29521.875,568185.875,False,False,False,False
2021-11-25,1912.500000000002,-27609.375,567851.0,False,False,False,False
2021-11-26,-3785.499999999999,-31394.875,564380.75,False,False,False,False
2021-11-27,-2397.5,-33792.375,562104.625,False,False,False,False
2021-11-28,1310.0,-32482.375,564537.625,False,False,False,False
2021-11-29,11002.5,-21479.875,576431.375,False,False,False,False
2021-11-30,-277.24999999999955,-21757.125,569691.625,False,False,False,False
2021-12-01,-3311.875,-25069.0,569151.75,False,False,False,False
2021-12-02,-18004.625,-43073.625,557575.625,False,False,False,False
2021-12-03,-15628.75,-58702.375,541726.5,False,False,False,False
2021-12-04,11160.0,-47542.375,551207.125,False,False,False,False
2021-12-05,3489.375,-44053.0,553632.25,False,False,False,False
2021-12-06,-19325.875,-63378.875,534306.375,False,False,False,False
2021-12-07,4724.375000000001,-58654.5,539340.25,False,False,False,False
2021-12-08,-3353.124999999999,-62007.625,534570.375,False,False,False,False
2021-12-09,2831.25,-59176.375,536075.875,False,False,False,False
2021-12-10,-7764.499999999999,-66940.875,524545.25,False,False,False,False
2021-12-11,2560.0,-64380.875,526030.375,False,False,False,False
2021-12-12,1703.75,-62677.125,527453.25,False,False,False,False
2021-12-13,-6761.0,-69438.125,520562.875,False,False,False,False
2021-12-14,31254.125,-38184.0,551594.25,False,False,False,False
2021-12-15,-601.2500000000002,-38785.25,549371.125,False,False,False,False
2021-12-16,2631.25,-36154.0,552498.25,False,False,False,False
2021-12-17,1612.5,-34541.5,554191.625,False,False,False,False
2021-12-18,-2974.624999999999,-37516.125,550728.0,False,False,False,False
2021-12-19,-2076.2500000000005,-39592.375,547608.375,False,False,False,False
2021-12-20,4247.500000000001,-35344.875,553532.5,False,False,False,False
2021-12-21,2062.5,-33282.375,557766.125,False,False,False,False
2021-12-22,551.2500000000002,-32731.125,558269.125,False,False,False,False
2021-12-23,-1765.0000000000005,-34496.125,556030.5,False,False,False,False
2021-12-24,26502.375,-7993.75,583668.375,False,False,False,False
2021-12-25,3050.875,-4942.875,588895.625,False,False,False,False
2021-12-26,0.0,-4942.875,589094.75,False,False,False,False
2021-12-27,0.0,-4942.875,587006.125,False,False,False,False
2021-12-28,995.0000000000002,-3947.875,588774.625,False,False,False,False
2021-12-29,8241.125,0.0,602499.0,False,False,False,False
2021-12-30,5142.5,0.0,605669.375,False,False,False,False
2021-12-31,6605.0,0.0,613095.25,False,False,False,False
2022-01-01,10335.75,0.0,624793.5,False,False,False,False
2022-01-02,3585.0,0.0,628947.75,False,False,False,False
2022-01-03,5592.5,0.0,634219.0,False,False,False,False
2022-01-04,-2322.875,-2322.875,631618.5,False,False,False,False
2022-01-05,-1650.0000000000002,-3972.875,630967.25,False,False,False,False
2022-01-06,1448.125,-2524.75,631953.5,False,False,False,False
2022-01-07,-4893.625,-7418.375,628073.0,False,False,False,False
2022-01-08,5003.250000000001,-2415.125,632674.375,False,False,False,False
2022-01-09,-2773.7500000000005,-5188.875,630241.25,False,False,False,False
2022-01-10,-149.87499999999946,-5338.75,627766.0,False,False,False,False
2022-01-11,5599.375,0.0,630529.25,False,False,False,False
2022-01-12,4386.875,0.0,634916.125,False,False,False,False
2022-01-13,6933.625000000001,0.0,640896.0,False,False,False,False
2022-01-14,-400.0,-400.0,637039.75,False,False,False,False
2022-01-15,-2137.25,-2537.25,634523.125,False,False,False,False
2022-01-16,1826.1250000000005,-711.125,635189.875,False,False,False,False
2022-01-17,-2272.749999999999,-2983.875,632433.75,False,False,False,False
2022-01-18,-7863.75,-10847.625,624704.5,False,False,False,False
2022-01-19,-5790.5,-16638.125,618527.25,False,False,False,False
2022-01-20,-3661.2499999999995,-20299.375,615852.875,False,False,False,False
2022-01-21,-712.0000000000002,-21011.375,616567.125,False,False,False,False
2022-01-22,-479.3749999999998,-21490.75,616210.75,False,False,False,False
2022-01-23,-3858.999999999999,-25349.75,613260.0,False,False,False,False
2022-01-24,-17.499999999999744,-25367.25,613429.375,False,False,False,False
2022-01-25,1249.875,-24117.375,613745.375,False,False,False,False
2022-01-26,2183.875,-21933.5,615929.25,False,False,False,False
2022-01-27,-7413.625,-29347.125,608550.875,False,False,False,False
2022-01-28,1125.125,-28222.0,609676.0,False,False,False,False
2022-01-29,-528.7500000000002,-28750.75,610125.375,False,False,False,False
2022-01-30,9556.25,-19194.5,617545.375,False,False,False,False
2022-01-31,3750.0,-15444.5,621401.625,False,False,False,False
2022-02-01,13556.25,-1888.25,635077.875,False,False,False,False
2022-02-02,6510.75,0.0,643624.875,False,False,False,False
2022-02-03,11902.5,0.0,657051.125,False,False,False,False
2022-02-04,-644.2500000000002,-644.25,657314.125,False,False,False,False
2022-02-05,4636.25,0.0,657003.875,False,False,False,False
2022-02-06,-235.62500000000028,-235.625,655883.5,False,False,False,False
2022-02-07,-3913.0,-4148.625,649268.25,False,False,False,False
2022-02-08,8844.375,0.0,659812.75,False,False,False,False
2022-02-09,-462.1250000000002,-462.125,660615.375,False,False,False,False
2022-02-10,-2501.9999999999995,-2964.125,658120.25,False,False,False,False
2022-02-11,15509.375,0.0,673637.625,False,False,False,False
2022-02-12,27.74999999999966,0.0,673336.5,False,False,False,False
2022-02-13,6554.999999999999,0.0,681819.0,False,False,False,False
2022-02-14,3129.999999999999,0.0,686317.75,False,False,False,False
2022-02-15,2353.125,0.0,688799.0,False,False,False,False
2022-02-16,-1970.375,-1970.375,683478.625,False,False,False,False
2022-02-17,-1781.25,-3751.625,680526.125,False,False,False,False
2022-02-18,-2018.875,-5770.5,678578.0,False,False,False,False
2022-02-19,-7599.375000000001,-13369.875,669400.5,False,False,False,False
2022-02-20,-2116.875,-15486.75,667465.5,False,False,False,False
2022-02-21,-14427.5,-29914.25,651479.0,False,False,False,False
2022-02-22,-899.4999999999995,-30813.75,649580.125,False,False,False,False
2022-02-23,-1570.25,-32384.0,647140.375,False,False,False,False
2022-02-24,-7753.5,-40137.5,637473.125,False,False,False,False
2022-02-25,13519.375,-26618.125,651323.75,False,False,False,False
2022-02-26,3429.9999999999995,-23188.125,654246.25,False,False,False,False
2022-02-27,5821.125,-17367.0,659533.0,False,False,False,False
2022-02-28,757.7499999999995,-16609.25,658194.75,False,False,False,False
2022-03-01,-3024.8749999999995,-19634.125,657185.875,False,False,False,False
2022-03-02,-11677.5,-31311.625,648260.25,False,False,False,False
2022-03-03,-3038.625000000001,-34350.25,645299.75,False,False,False,False
2022-03-04,3310.875,-31039.375,650694.5,False,False,False,False
2022-03-05,-1950.0,-32989.375,649547.625,False,False,False,False
2022-03-06,16791.75,-16197.625,669802.25,False,False,False,False
2022-03-07,-494.125,-16691.75,660809.25,False,False,False,False
2022-03-08,20916.25,0.0,680832.375,False,False,False,False
2022-03-09,29364.5,0.0,709894.125,False,False,False,False
2022-03-10,15214.625,0.0,727029.625,False,False,False,False
2022-03-11,141.25000000000077,0.0,726679.625,False,False,False,False
2022-03-12,2759.8750000000005,0.0,729930.25,False,False,False,False
2022-03-13,-5722.0,-5722.0,725805.25,False,False,False,False
2022-03-14,4600.250000000002,-1121.75,725636.625,False,False,False,False
2022-03-15,10368.25,0.0,731764.375,False,False,False,False
2022-03-16,5785.000000000001,0.0,732999.25,False,False,False,False
2022-03-17,5925.000000000002,0.0,741359.75,False,False,False,False
2022-03-18,3648.7499999999995,0.0,743398.75,False,False,False,False
2022-03-19,342.49999999999966,0.0,740907.75,False,False,False,False
2022-03-20,3320.1249999999995,0.0,743013.75,False,False,False,False
2022-03-21,-1346.0,-1346.0,742177.25,False,False,False,False
2022-03-22,-2907.124999999999,-4253.125,737755.0,False,False,False,False
2022-03-23,-4021.25,-8274.375,734150.625,False,False,False,False
2022-03-24,-2301.125,-10575.5,729743.5,False,False,False,False
2022-03-25,3748.2500000000005,-6827.25,731996.25,False,False,False,False
2022-03-26,4722.375,-2104.875,736099.875,False,False,False,False
2022-03-27,524.875,-1580.0,735116.375,False,False,False,False
2022-03-28,-6151.875,-7731.875,729362.375,False,False,False,False
2022-03-29,-8956.125,-16688.0,720935.125,False,False,False,False
2022-03-30,-4148.25,-20836.25,717694.125,False,False,False,False
2022-03-31,-4613.375,-25449.625,710498.25,False,False,False,False
2022-04-01,-3527.874999999998,-28977.5,708612.25,False,False,False,False
2022-04-02,3295.249999999998,-25682.25,713060.75,False,False,False,False
2022-04-03,5951.25,-19731.0,715753.0,False,False,False,False
2022-04-04,267.4999999999998,-19463.5,715153.25,False,False,False,False
2022-04-05,3141.875,-16321.625,719321.125,False,False,False,False
2022-04-06,-5295.0,-21616.625,715209.25,False,False,False,False
2022-04-07,-4348.75,-25965.375,724219.5,False,False,False,False
2022-04-08,-8316.875,-34282.25,712604.25,False,False,False,False
2022-04-09,7613.0,-26669.25,721139.875,False,False,False,False
2022-04-10,3410.0,-23259.25,727951.5,False,False,False,False
2022-04-11,5876.625,-17382.625,734193.125,False,False,False,False
2022-04-12,1830.6249999999993,-15552.0,752789.75,False,False,False,False
2022-04-13,5857.625000000001,-9694.375,765512.625,False,False,False,False
2022-04-14,10186.875,0.0,762054.625,False,False,False,False
2022-04-15,17896.875,0.0,777030.875,False,False,False,False
2022-04-16,8389.625000000002,0.0,787774.375,False,False,False,False
2022-04-17,6779.625,0.0,794910.375,False,False,False,False
2022-04-18,-5221.749999999999,-5221.75,783077.625,False,False,False,False
2022-04-19,23086.125,0.0,799951.875,False,False,False,False
2022-04-20,683.9999999999999,0.0,798492.875,False,False,False,False
2022-04-21,-3475.625,-3475.625,796219.0,False,False,False,False
2022-04-22,-4232.499999999999,-7708.125,793101.5,False,False,False,False
2022-04-23,-5551.125000000001,-13259.25,786128.5,False,False,False,False
2022-04-24,906.7500000000002,-12352.5,787484.625,False,False,False,False
2022-04-25,-14249.250000000002,-26601.75,771342.5,False,False,False,False
2022-04-26,2741.499999999999,-23860.25,772358.0,False,False,False,False
2022-04-27,5408.375,-18451.875,777698.875,False,False,False,False
2022-04-28,5756.75,-12695.125,786443.75,False,False,False,False
2022-04-29,16792.749999999996,0.0,806225.25,False,False,False,False
2022-04-30,20525.0,0.0,827569.25,False,False,False,False
2022-05-01,5141.000000000001,0.0,834660.125,False,False,False,False
2022-05-02,2451.8750000000005,0.0,839972.5,False,False,False,False
2022-05-03,-9594.375,-9594.375,828803.75,False,False,False,False
2022-05-04,7658.125,-1936.25,838121.875,False,False,False,False
2022-05-05,18964.375,0.0,858342.875,False,False,False,False
2022-05-06,8529.375,0.0,872860.625,False,False,False,False
2022-05-07,-15646.75,-15646.75,855325.875,False,False,False,False
2022-05-08,-1106.999999999999,-16753.75,855435.125,False,False,False,False
2022-05-09,26979.625,0.0,880044.875,False,False,False,False
2022-05-10,5137.75,0.0,883273.375,False,False,False,False
2022-05-11,8484.375,0.0,884558.75,False,False,False,False
2022-05-12,2175.25,0.0,878281.0,False,False,False,False
2022-05-13,2761.7499999999995,0.0,881564.5,False,False,False,False
2022-05-14,2973.375000000001,0.0,896789.375,False,False,False,False
2022-05-15,-3620.8750000000005,-3620.875,897947.25,False,False,False,False
2022-05-16,-9761.75,-13382.625,889584.0,False,False,False,False
2022-05-17,-3272.25,-16654.875,890623.625,False,False,False,False
2022-05-18,5667.5,-10987.375,890660.0,False,False,False,False
2022-05-19,1218.25,-9769.125,888954.25,False,False,False,False
2022-05-20,13040.0,0.0,899747.75,False,False,False,False
2022-05-21,-8654.625,-8654.625,894118.125,False,False,False,False
2022-05-22,-3310.249999999999,-11964.875,891623.375,False,False,False,False
2022-05-23,10847.125,-1117.75,897634.5,False,False,False,False
2022-05-24,8403.5,0.0,898172.25,False,False,False,False
2022-05-25,4540.625,0.0,905998.125,False,False,False,False
2022-05-26,-301.37499999999955,-301.375,905175.5,False,False,False,False
2022-05-27,-2630.2499999999986,-2931.625,895114.0,False,False,False,False
2022-05-28,-7785.625,-10717.25,880791.0,False,False,False,False
2022-05-29,-11526.875,-22244.125,864767.375,False,False,False,False
2022-05-30,13733.249999999998,-8510.875,876359.75,False,False,False,False
2022-05-31,21803.875,0.0,898970.125,False,False,False,False
2022-06-01,7004.125,0.0,900422.375,False,False,False,False
2022-06-02,-4397.5,-4397.5,897382.25,False,False,False,False
2022-06-03,3668.0000000000005,-729.5,892061.75,False,False,False,False
2022-06-04,4318.750000000001,0.0,893551.125,False,False,False,False
2022-06-05,0.0,0.0,889728.625,False,False,False,False
2022-06-06,675.7499999999995,0.0,884111.875,False,False,False,False
2022-06-07,-3050.25,-3050.25,875029.625,False,False,False,False
2022-06-08,1365.875,-1684.375,879525.25,False,False,False,False
2022-06-09,23802.875,0.0,903979.5,False,False,False,False
2022-06-10,27165.625,0.0,931130.875,False,False,False,False
2022-06-11,467.3750000000003,0.0,931184.375,False,False,False,False
2022-06-12,-6800.875,-6800.875,927060.25,False,False,False,False
2022-06-13,-1736.1249999999982,-8537.0,922689.75,False,False,False,False
2022-06-14,-9320.0,-17857.0,916511.125,False,False,False,False
2022-06-15,-10911.125,-28768.125,908625.5,False,False,False,False
2022-06-16,9606.125,-19162.0,923083.875,False,False,False,False
2022-06-17,11088.75,-8073.25,935525.75,False,False,False,False
2022-06-18,-11941.25,-20014.5,924677.625,False,False,False,False
2022-06-19,2754.375000000002,-17260.125,931891.375,False,False,False,False
2022-06-20,18758.125,0.0,945517.875,False,False,False,False
2022-06-21,-16508.25,-16508.25,924363.375,False,False,False,False
2022-06-22,12194.5,-4313.75,925370.625,False,False,False,False
2022-06-23,6584.249999999998,0.0,928064.125,False,False,False,False
2022-06-24,-14370.625,-14370.625,917191.5,False,False,False,False
2022-06-25,3825.625000000001,-10545.0,922011.375,False,False,False,False
2022-06-26,-1489.9999999999998,-12035.0,922363.25,False,False,False,False
2022-06-27,-6915.875000000001,-18950.875,915167.125,False,False,False,False
2022-06-28,2150.000000000001,-16800.875,931994.0,False,False,False,False
2022-06-29,9137.125000000002,-7663.75,937475.375,False,False,False,False
2022-06-30,9630.249999999996,0.0,944041.25,False,False,False,False
2022-07-01,-21565.25,-21565.25,922951.75,False,False,False,False
2022-07-02,1141.0000000000002,-20424.25,924101.125,False,False,False,False
2022-07-03,17128.0,-3296.25,941242.125,False,False,False,False
2022-07-04,23847.5,0.0,959001.5,False,False,False,False
2022-07-05,-28708.625,-28708.625,929178.0,False,False,False,False
2022-07-06,-935.3750000000002,-29644.0,930804.625,False,False,False,False
2022-07-07,-14904.750000000002,-44548.75,915414.125,False,False,False,False
2022-07-08,-5837.625000000001,-50386.375,916240.25,False,False,False,False
2022-07-09,10184.0,-40202.375,934124.25,False,False,False,False
2022-07-10,-14439.0,-54641.375,923249.625,False,False,False,False
2022-07-11,-32097.624999999996,-86739.0,892851.25,False,False,False,False
2022-07-12,-66212.625,-152951.625,822690.875,False,True,False,True
2022-07-13,20533.625,-132418.0,842876.375,False,False,False,False
2022-07-14,52777.5,-79640.5,895596.5,False,False,False,False
2022-07-15,45017.75,-34622.75,940396.0,False,False,False,False
2022-07-16,35128.75,0.0,979267.0,False,False,False,False
2022-07-17,18100.375,0.0,995888.625,False,False,False,False
2022-07-18,18381.875000000004,0.0,1019415.5,False,False,False,False
2022-07-19,-70210.25,-70210.25,954113.125,False,False,False,True
2022-07-20,33149.625,-37060.625,994188.375,False,False,False,False
2022-07-21,68397.25,0.0,1068955.875,False,False,False,False
2022-07-22,6109.25,0.0,1082629.875,False,False,False,False
2022-07-23,-3138.25,-3138.25,1076407.125,False,False,False,False
2022-07-24,9425.0,0.0,1072893.25,False,False,False,False
2022-07-25,14176.625000000002,0.0,1083279.625,False,False,False,False
2022-07-26,6972.000000000001,0.0,1082700.5,False,False,False,False
2022-07-27,54389.875,0.0,1130605.5,False,False,False,False
2022-07-28,32498.5,0.0,1165040.875,False,False,False,False
2022-07-29,-7135.375,-7135.375,1156097.625,False,False,False,False
2022-07-30,-7976.249999999999,-15111.625,1143373.25,False,False,False,False
2022-07-31,4341.125,-10770.5,1150073.75,False,False,False,False
2022-08-01,15813.125000000002,0.0,1163094.375,False,False,False,False
2022-08-02,6199.750000000001,0.0,1153514.875,False,False,False,False
2022-08-03,-21205.75,-21205.75,1126069.625,False,False,False,False
2022-08-04,-12035.499999999998,-33241.25,1115026.75,False,False,False,False
2022-08-05,13647.374999999998,-19593.875,1128803.5,False,False,False,False
2022-08-06,14265.125,-5328.75,1143814.375,False,False,False,False
2022-08-07,3092.000000000002,-2236.75,1147888.25,False,False,False,False
2022-08-08,4530.125000000002,0.0,1156213.375,False,False,False,False
2022-08-09,6371.500000000002,0.0,1162948.125,False,False,False,False
2022-08-10,-15562.125,-15562.125,1143306.0,False,False,False,False
2022-08-11,-52520.75,-68082.875,1090401.875,False,False,False,True
2022-08-12,7553.375,-60529.5,1097444.125,False,False,False,False
2022-08-13,-3638.875,-64168.375,1093956.125,False,False,False,False
2022-08-14,-20361.75,-84530.125,1071113.625,False,False,False,False
2022-08-15,-7926.5,-92456.625,1061466.875,False,False,False,False
2022-08-16,-18644.249999999996,-111100.875,1044714.75,False,False,False,False
2022-08-17,-3220.7500000000036,-114321.625,1041503.375,False,False,False,False
2022-08-18,44267.375,-70054.25,1084414.5,False,False,False,False
2022-08-19,35902.875,-34151.375,1117482.5,False,False,False,False
2022-08-20,17110.375,-17041.0,1139102.5,False,False,False,False
2022-08-21,-7560.625000000004,-24601.625,1137488.125,False,False,False,False
2022-08-22,91978.25,0.0,1229851.875,False,False,False,False
2022-08-23,-3887.3749999999936,-3887.375,1227495.375,False,False,False,False
2022-08-24,24033.874999999996,0.0,1242547.5,False,False,False,False
2022-08-25,15651.750000000002,0.0,1261545.375,False,False,False,False
2022-08-26,14372.750000000002,0.0,1279067.75,False,False,False,False
2022-08-27,12848.250000000002,0.0,1291587.25,False,False,False,False
2022-08-28,36407.0,0.0,1321531.75,False,False,False,False
2022-08-29,65201.625,0.0,1384056.125,False,False,False,False
2022-08-30,114588.25,0.0,1502691.25,False,False,False,False
2022-08-31,70187.75,0.0,1582953.5,False,False,False,False
2022-09-01,9103.249999999996,0.0,1598244.0,False,False,False,False
2022-09-02,4632.875000000002,0.0,1605164.375,False,False,False,False
2022-09-03,14298.624999999998,0.0,1615677.375,False,False,False,False
2022-09-04,2246.7499999999986,0.0,1620454.75,False,False,False,False
2022-09-05,11101.875,0.0,1630537.25,False,False,False,False
2022-09-06,39466.125,0.0,1606403.875,False,False,False,False
2022-09-07,33400.5,0.0,1750053.875,False,False,False,False
2022-09-08,13031.375,0.0,1796860.25,False,False,False,False
2022-09-09,23932.125000000004,0.0,2227287.625,False,False,False,False
2022-09-10,11156.624999999996,0.0,2206556.75,False,False,False,False
2022-09-11,26756.375,0.0,2229001.375,False,False,False,False
2022-09-12,4138.125000000002,0.0,2207188.25,False,False,False,False
2022-09-13,43062.0,0.0,2194467.375,False,False,False,False
2022-09-14,-17903.25,-17903.25,2035074.25,False,False,False,False
2022-09-15,9186.0,-8717.25,1941277.75,False,False,False,False
2022-09-16,9379.000000000002,0.0,1764570.625,False,False,False,False
2022-09-17,15271.125,0.0,1757471.625,False,False,False,False
2022-09-18,20911.25,0.0,1783042.25,False,False,False,False
2022-09-19,10141.75,0.0,1778243.375,False,False,False,False
2022-09-20,40989.375,0.0,1743034.125,False,False,False,False
2022-09-21,-6314.125,-6314.125,1734160.0,False,False,False,False
2022-09-22,-34337.75,-40651.875,1698168.375,False,False,False,False
2022-09-23,-9095.875,-49747.75,1682442.25,False,False,False,False
2022-09-24,20708.5,-29039.25,1697672.0,False,False,False,False
2022-09-25,11982.5,-17056.75,1719006.0,False,False,False,False
2022-09-26,4808.000000000001,-12248.75,1719497.625,False,False,False,False
2022-09-27,-16792.375,-29041.125,1690489.75,False,False,False,False
2022-09-28,-38725.0,-67766.125,1658193.5,False,False,False,False
2022-09-29,27006.5,-40759.625,1679042.125,False,False,False,False
2022-09-30,2300.125000000001,-38459.5,1679192.75,False,False,False,False
2022-10-01,-5270.750000000001,-43730.25,1676553.25,False,False,False,False
2022-10-02,30098.875,-13631.375,1705164.625,False,False,False,False
2022-10-03,-9843.625000000002,-23475.0,1683879.0,False,False,False,False
2022-10-04,9848.0,-13627.0,1672208.875,False,False,False,False
2022-10-05,-755.6249999999991,-14382.625,1667877.5,False,False,False,False
2022-10-06,-19994.875,-34377.5,1632199.75,False,False,False,False
2022-10-07,-13378.75,-47756.25,1601715.375,False,False,False,False
2022-10-08,-4961.374999999999,-52717.625,1573279.0,False,False,False,False
2022-10-09,4203.250000000001,-48514.375,1556199.125,False,False,False,False
2022-10-10,7488.5,-41025.875,1554913.25,False,False,False,False
2022-10-11,-6946.750000000001,-47972.625,1528218.5,False,False,False,False
2022-10-12,-11606.125,-59578.75,1485983.0,False,False,False,False
2022-10-13,15252.0,-44326.75,1498896.0,False,False,False,False
2022-10-14,7296.125,-37030.625,1502400.125,False,False,False,False
2022-10-15,5543.5,-31487.125,1458823.125,False,False,False,False
2022-10-16,-1880.9999999999995,-33368.125,1444732.875,False,False,False,False
2022-10-17,28614.75,-4753.375,1467471.0,False,False,False,False
2022-10-18,31757.375,0.0,1496324.125,False,False,False,False
2022-10-19,12610.5,0.0,1502765.875,False,False,False,False
2022-10-20,-22551.25,-22551.25,1480599.5,False,False,False,False
2022-10-21,-22062.375,-44613.625,1456085.25,False,False,False,False
2022-10-22,20340.75,-24272.875,1477813.0,False,False,False,False
2022-10-23,2221.625,-22051.25,1476955.875,False,False,False,False
2022-10-24,8188.625,-13862.625,1478814.0,False,False,False,False
2022-10-25,3409.3749999999995,-10453.25,1466344.0,False,False,False,False
2022-10-26,9125.25,-1328.0,1463959.0,False,False,False,False
2022-10-27,-3835.0000000000005,-5163.0,1463922.75,False,False,False,False
2022-10-28,-1687.625,-6850.625,1463834.875,False,False,False,False
2022-10-29,1550.4999999999998,-5300.125,1449030.625,False,False,False,False
2022-10-30,-8148.5,-13448.625,1433800.875,False,False,False,False
2022-10-31,6614.875000000001,-6833.75,1435841.75,False,False,False,False
2022-11-01,3302.25,-3531.5,1436611.5,False,False,False,False
2022-11-02,-3897.625,-7429.125,1431938.0,False,False,False,False
2022-11-03,-7307.000000000001,-14736.125,1428580.625,False,False,False,False
2022-11-04,3501.8749999999995,-11234.25,1436088.5,False,False,False,False
2022-11-05,4364.5,-6869.75,1440284.125,False,False,False,False
2022-11-06,-15201.75,-22071.5,1423964.75,False,False,False,False
2022-11-07,2129.375,-19942.125,1428494.125,False,False,False,False
2022-11-08,-1455.75,-21397.875,1432386.75,False,False,False,False
2022-11-09,9278.0,-12119.875,1442034.5,False,False,False,False
2022-11-10,323.3749999999989,-11796.5,1446380.875,False,False,False,False
2022-11-11,2105.75,-9690.75,1454089.375,False,False,False,False
2022-11-12,-13958.875,-23649.625,1440560.5,False,False,False,False
2022-11-13,-8840.75,-32490.375,1432119.625,False,False,False,False
2022-11-14,28465.625,-4024.75,1456899.5,False,False,False,False
2022-11-15,-12281.0,-16305.75,1440009.125,False,False,False,False
2022-11-16,-15680.375,-31986.125,1414966.0,False,False,False,False
2022-11-17,-5219.249999999999,-37205.375,1410324.25,False,False,False,False
2022-11-18,4168.125000000001,-33037.25,1408773.0,False,False,False,False
2022-11-19,34206.875,0.0,1436484.75,False,False,False,False
2022-11-20,2771.375,0.0,1436566.75,False,False,False,False
2022-11-21,-14192.374999999998,-14192.375,1423143.5,False,False,False,False
2022-11-22,10498.499999999998,-3693.875,1429166.25,False,False,False,False
2022-11-23,-3227.5,-6921.375,1420648.75,False,False,False,False
2022-11-24,-13663.0,-20584.375,1436507.625,False,False,False,False
2022-11-25,7190.124999999999,-13394.25,1441785.25,False,False,False,False
2022-11-26,7350.625,-6043.625,1452921.375,False,False,False,False
2022-11-27,-424.00000000000045,-6467.625,1454894.875,False,False,False,False
2022-11-28,1884.375000000001,-4583.25,1455469.25,False,False,False,False
2022-11-29,279.7500000000015,-4303.5,1444746.5,False,False,False,False
2022-11-30,-438.25,-4741.75,1444585.5,False,False,False,False
2022-12-01,-6093.625000000002,-10835.375,1441803.75,False,False,False,False
2022-12-02,30219.5,0.0,1490027.875,False,False,False,False
2022-12-03,139.1249999999975,0.0,1505795.75,False,False,False,False
2022-12-04,-4944.499999999998,-4944.5,1489691.25,False,False,False,False
2022-12-05,11980.0,0.0,1498181.875,False,False,False,False
2022-12-06,-18667.875,-18667.875,1498839.875,False,False,False,False
2022-12-07,4813.250000000002,-13854.625,1498928.75,False,False,False,False
2022-12-08,2745.749999999999,-11108.875,1505027.625,False,False,False,False
2022-12-09,1451.9999999999986,-9656.875,1503648.375,False,False,False,False
2022-12-10,-10835.124999999996,-20492.0,1500577.75,False,False,False,False
2022-12-11,2280.0,-18212.0,1500297.75,False,False,False,False
2022-12-12,2506.125,-15705.875,1501100.125,False,False,False,False
2022-12-13,-1021.3750000000002,-16727.25,1506839.75,False,False,False,False
2022-12-14,-10917.625,-27644.875,1464668.0,False,False,False,False
2022-12-15,-14273.25,-41918.125,1450996.0,False,False,False,False
2022-12-16,-1443.75,-43361.875,1446921.0,False,False,False,False
2022-12-17,780.6249999999993,-42581.25,1446089.125,False,False,False,False
2022-12-18,-657.5000000000002,-43238.75,1448406.25,False,False,False,False
2022-12-19,0.0,-43238.75,1450482.5,False,False,False,False
2022-12-20,5731.25,-37507.5,1451966.25,False,False,False,False
2022-12-21,-1436.1250000000002,-38943.625,1448467.625,False,False,False,False
2022-12-22,1763.1249999999995,-37180.5,1449679.5,False,False,False,False
2022-12-23,5803.75,-31376.75,1457248.25,False,False,False,False
2022-12-24,2683.75,-28693.0,1433429.625,False,False,False,False
2022-12-25,-6832.5,-35525.5,1423546.25,False,False,False,False
2022-12-26,4062.5,-31463.0,1427608.75,False,False,False,False
2022-12-27,-1000.0,-32463.0,1426608.75,False,False,False,False
2022-12-28,1737.5,-30725.5,1427351.25,False,False,False,False
2022-12-29,0.0,-30725.5,1419110.125,False,False,False,False
2022-12-30,0.0,-30725.5,1413967.625,False,False,False,False
2022-12-31,-14730.0,-45455.5,1392632.625,False,False,False,False
